	GO:0001818	GO:0001819	GO:0002221	GO:0002224	GO:0002237	GO:0002253	GO:0002263	GO:0002456	GO:0002460	GO:0002521	GO:0002573	GO:0002683	GO:0002685	GO:0002687	GO:0002688	GO:0002697	GO:0002700	GO:0002702	GO:0002764	GO:0002768	GO:0002819	GO:0002821	GO:0002831	GO:0002832	GO:0002833	GO:0006816	GO:0007159	GO:0007249	GO:0009612	GO:0009615	GO:0010952	GO:0016032	GO:0019058	GO:0019079	GO:0019221	GO:0022407	GO:0022409	GO:0030595	GO:0031348	GO:0031349	GO:0032102	GO:0032103	GO:0032635	GO:0034341	GO:0034612	GO:0038061	GO:0042098	GO:0042110	GO:0042129	GO:0042330	GO:0042742	GO:0043123	GO:0043269	GO:0043270	GO:0044403	GO:0044409	GO:0045088	GO:0045089	GO:0045619	GO:0050727	GO:0050729	GO:0050730	GO:0050777	GO:0050778	GO:0050792	GO:0050863	GO:0050867	GO:0050900	GO:0051090	GO:0051091	GO:0051092	GO:0051235	GO:0051249	GO:0051345	GO:0051701	GO:0051924	GO:0052547	GO:0055080	GO:0060326	GO:0060759	GO:0070371	GO:0070555	GO:0070661	GO:0070663	GO:0070665	GO:0071216	GO:0071219	GO:0071396	GO:0071621	GO:0071674	GO:0071706	GO:0097191	GO:0097193	GO:0097529	GO:0097530	GO:0097696	GO:0140546	GO:1902105	GO:1903039	GO:1903131	GO:1990266	GO:2000116	GO:2001056	GO:2001233	GO:2001235	GO:2001236
GO:0001818	1	0.8996521556238714	0.14902720814396278	0.14714135053204042	-0	0.15749817073743494	-0	-0	-0	-0	-0	0.4776967366452736	0.14599328706129053	0.14206171502193266	0.14082228528207044	0.1508168597021695	0.22973280576307537	0.2252579937574837	0.15438019448414117	0.1470173280206942	0.14253318051414804	0.13859589701066125	0.16081666876304193	0.44345848808846605	0.15502096007787594	-0	-0	0.14497779798992752	-0	-0	0.2217862380648114	-0	-0	-0	0.16181900628143642	0.15258678647830817	0.14707204147422132	-0	0.4600197804476468	0.1568529888484592	0.4730774161234	0.15909866436472164	-0	-0	-0	0.13388396926323992	-0	-0	0.643274779131761	-0	-0	0.14688287990326768	0.16951265796665022	0.14645029568995355	-0	-0	0.15774530165191236	0.15368602386925212	0.6377886045314752	0.1494758359400516	0.13933731960652054	0.22530853394865658	0.44679249872099236	0.16094616295370343	0.14242294883433929	0.6698337793698887	0.6618954961444876	-0	0.245341621376432	0.2382271924154274	0.22750651489459367	-0	0.6822840177135042	0.15671617081846984	-0	0.14839800977488474	0.24934665933153027	-0	-0	0.14256328055363734	0.13268693543189403	-0	-0	0.14692491133167188	0.1408873436921803	-0	-0	-0	-0	-0	-0	0.13900951686901508	0.1439963957567197	-0	-0	0.13679076170619467	-0	0.6565524499346365	0.14514001228088	-0	-0	0.2254198311855643	0.21877611539786562	0.15062357640074198	0.141290573434491	0.1416283139714714
GO:0001819	0.8996521556238714	1	0.505334057019543	0.49867877749332223	-0	0.5353144608869211	-0	-0	-0	-0	-0	0.16065023243293244	0.1518935177200114	0.48078703480527657	0.1463041051811218	0.1571218336352064	0.23885795162101242	0.7172975658566803	0.16099315386246488	0.1530023175864871	0.1481516675519062	0.46860837848524617	0.16800538129829382	0.1486803478731486	0.5265325414824278	-0	-0	0.15079459818841415	-0	-0	0.5449911927926192	-0	-0	-0	0.16909963812818135	0.15904378198484698	0.49843431501680574	-0	0.15446112531994408	0.5330260735567222	0.15903101364702724	0.5409947729629614	-0	-0	-0	0.1388294326529296	-0	-0	0.6689548848339304	-0	-0	0.4977671641707153	0.17751918727119131	0.49624175261762715	-0	-0	0.16465614816364746	0.5218050855291857	0.6630239603007939	0.15566688267320128	0.4712117274239659	0.23444589898531965	0.14984272244357116	0.5475580149073775	0.1480325778187773	0.6977241478575847	0.8060235531713354	-0	0.25577704017913583	0.24805405205616815	0.23645221466199495	-0	0.7112432336489345	0.16377341990822336	-0	0.15449827290466017	0.26058639195333944	-0	-0	0.14818418764772398	0.13754275737290708	-0	-0	0.15290222584180954	0.4766577573090188	-0	-0	-0	-0	-0	-0	0.14434843774844516	0.14973315275136723	-0	-0	0.14195744455438705	-0	0.6833256704894778	0.49162355967598503	-0	-0	0.23456640898358144	0.5373035405145036	0.15691206316211695	0.4780752753312954	0.14717430206640703
GO:0002221	0.14902720814396278	0.505334057019543	1	0.9839145047035897	0.20699295921779223	0.8979707413571227	0.6460479424846984	0.5783509335490997	0.6578069897891129	0.006414745269648117	0.00602074036210851	0.7752827187073444	0.7342484684143661	0.7733691319926501	0.7079845226364403	0.7587650058259927	0.7220044248135619	0.7663573239341513	0.8268281138356298	0.9165734041639888	0.7627425993910084	0.789150940727808	0.5980702380230626	0.8160651321181073	0.8852731194398372	-0	0.005602352217813451	0.28927650675766836	0.20315941453713104	0.2320875323350848	0.47430541856592207	-0	-0	-0	0.3232625872012236	0.16719853005059535	0.483880036213846	0.6267132847879349	0.8045551528051945	0.8510989613528236	0.7612209381614339	0.7941325891982176	-0	0.6255783117492241	0.2070250181770561	0.2669327280500018	0.6107980250105202	0.6669973387197975	0.7255393328513348	0.253341981040402	0.22433778694923978	0.6854107169117696	0.17153527064214258	0.48181338450814803	-0	-0	0.9010035327792403	0.9502404469210043	0.7192893747040148	0.810649265984828	0.8393412938778847	0.1604392456751858	0.7711997819043085	0.8773380620811507	0.14384803480751557	0.7558111554639122	0.48847891745880107	0.6491969240809056	0.16803120689446935	0.16310763650903326	0.1556941569075043	-0	0.7700106075083445	0.1585017802396203	-0	0.14994582679715646	0.16395792608129356	-0	0.2482957631997937	0.5295067566613886	0.264523895173361	0.196062430196325	0.005967332028632939	0.16093041210293535	0.4633304455927418	0.2331611885715833	0.22904721482403273	0.26084629384679575	0.6018711009144051	0.6135708121443753	-0	0.27725162653181684	0.2872984867606177	0.6244862047488627	0.6101784835292859	0.2727838535642059	0.23052497250115594	0.740669990817354	0.4774586596649557	0.006301964974609405	0.6046529011094511	0.14806279924542337	0.4678037341816112	0.5597611921936921	0.6590558950230551	0.5259995639580808
GO:0002224	0.14714135053204042	0.49867877749332223	0.9839145047035897	1	0.2044000482294913	0.8858390017483773	0.6380938485620864	0.57196822879212	0.649562555236287	0.006331356357992989	0.005947221940022395	0.7650362676280568	0.7250515302573826	0.7639424419898393	0.6994299302700416	0.7489477489176604	0.7131098005327302	0.7570997715014336	0.8158781065849727	0.9050123932345348	0.7534146547861605	0.7797660227254457	0.5898204080570074	0.8060509024595818	0.8735005645609819	-0	0.005538642471880417	0.28567827420985775	0.20066107689108595	0.22883275678830295	0.4684375999643516	-0	-0	-0	0.31877575755659504	0.16500991317360744	0.47777444855891077	0.6192254013817633	0.7943143493845053	0.8396474493051139	0.7512573757342941	0.783294978832112	-0	0.6181173633498239	0.20443130898128758	0.26386593827505656	0.603683460676132	0.6585224097084771	0.7165579415460896	0.2494687416532676	0.22129532115704498	0.6767733163111748	0.16904150646422644	0.4757595131585118	-0	-0	0.888811768802072	0.9377124851536294	0.7104611109646128	0.8002537390837303	0.8293062150138713	0.15842294201403967	0.7616651295310548	0.865226269605713	0.14209020561935548	0.7460696957024523	0.48225746722319035	0.6411655831023509	0.16582088046509819	0.16102414114127336	0.1537946503537696	-0	0.7599021308250127	0.15629995449446216	-0	0.14803679720975413	0.16167814922260365	-0	0.2450208658074293	0.5230298005861576	0.26151189353234255	0.19373459303411977	0.005895104321196942	0.1589018222253057	0.45772943331503213	0.23027103518625217	0.22625754119747793	0.25723436672413436	0.5949618019634609	0.6063918860462459	-0	0.2739446149186252	0.28374899219273025	0.6170511287960273	0.6030782608039496	0.2695819494696627	0.227313572616217	0.731312506818532	0.4715130507580574	0.006221464078416969	0.5976799560766395	0.146201118332396	0.4620947146144937	0.5525279986263899	0.6510660883871361	0.5196076062144294
GO:0002237	-0	-0	0.20699295921779223	0.2044000482294913	1	-0	0.1993865427558847	0.17886355335042092	0.20294275716107144	-0	-0	-0	-0	-0	-0	-0	-0	-0	0.214349251489492	0.20422950315624402	-0	-0	-0	-0	-0	-0	-0	0.20142450034443002	0.4701461161150804	0.6550354819575132	-0	-0	-0	-0	0.6116171857039023	-0	-0	0.45687943131973263	-0	-0	-0	-0	-0	0.5577816632064316	0.5525255344613993	0.18615318030824313	-0	-0	-0	0.5834355947459188	0.8737476355412945	-0	-0	-0	0.6128092690504652	0.5818163513012798	-0	-0	-0	-0	-0	-0	-0	-0	-0	-0	-0	-0	-0	-0	-0	-0	-0	-0	0.6068816159076696	-0	-0	-0	0.5039766650525601	-0	0.18450399912391902	0.5238248128452963	-0	-0	-0	0.5721712269780321	0.7853401867980634	0.6101808401271336	0.43910278389206864	-0	-0	0.19321169755037565	0.2000744798617804	-0	-0	0.1901568058795099	0.6507237808420102	-0	-0	-0	-0	-0	-0	-0	-0	-0
GO:0002253	0.15749817073743494	0.5353144608869211	0.8979707413571227	0.8858390017483773	-0	1	0.6817084849402206	0.6067652106305172	0.6948146788826476	-0	-0	0.8214524069630524	0.7755300283261665	0.8156029622515741	0.7462885997611589	0.8029322849570016	0.7618832850098884	0.8078082701872277	0.8761753997415253	0.8315646827736636	0.8045433858055727	0.8311285259659612	0.6353635165253417	0.5604489544821417	0.7671904313595332	-0	-0	0.15462775520315092	-0	-0	0.5006212631427045	-0	-0	-0	0.17393481736303287	0.16331373180306027	0.5112997701866954	0.6602159543415521	0.5828072617402269	0.7769135433431044	0.6005130970188386	0.788854458078552	-0	0.6589565136215196	-0	0.14207188089867484	0.6425775707075755	0.7050762650367606	0.7658205328313639	-0	-0	0.7241971399116335	0.18285544215275906	0.5089928212550653	-0	-0	0.8966651915596273	0.9280313612541055	0.7588606561270024	0.5874762651527493	0.6846204140882778	0.15633897671509284	0.8139586522644904	0.9320927010927428	0.1517248821053178	0.7996252914452381	0.5164373897391306	0.6852156393544658	0.16417525271667036	0.15908846473931335	0.15146240220957707	-0	0.8155360641884745	0.16846054281009204	-0	0.15852454877586314	0.1742700180299475	-0	-0	0.5585319856929893	0.14072469315726005	-0	-0	0.15684468299614332	0.4884103351134991	-0	-0	-0	0.6327050603677787	0.6456471227186311	-0	0.14785706757080844	0.15351186026752967	0.6577448700484371	0.641891919338972	0.14534943719327167	-0	0.7826974464228913	0.5041354092305007	-0	0.6357799137509493	0.15642140461532453	0.49338360413773413	0.5922999192821904	0.6948390387928784	0.5546311733033742
GO:0002263	-0	-0	0.6460479424846984	0.6380938485620864	0.1993865427558847	0.6817084849402206	1	0.7963351169181149	0.6697455732818517	0.006170346647425846	0.005804937489474116	-0	-0	-0	-0	-0	-0	-0	0.21050084077810732	0.20073292925465192	-0	-0	-0	-0	-0	-0	0.005415033435163392	0.1980225147128376	0.19582714325755804	0.22256741972655072	-0	-0	-0	-0	0.22034270606911177	-0	-0	0.6047223362174424	-0	-0	-0	-0	0.34056164572473785	0.6380813697872135	0.19941628868147834	0.1832437679299444	0.7877584087366781	0.8575390738678855	-0	0.24204078524920936	0.21543064060609535	-0	-0	-0	-0	-0	-0	-0	-0	-0	-0	-0	-0	-0	-0	-0	-0	0.6256294682414094	-0	-0	-0	-0	-0	-0	-0	-0	-0	-0	0.20966638888026895	-0	0.1816455131383761	0.1892248682107493	0.00575527340527554	-0	-0	0.19735125653086696	0.19399362285196453	0.21983494711663232	0.5815607407873138	0.5924769922390997	0.34056164572473785	0.19007932147753695	0.19671756410032873	0.602648548962784	0.5893133011725663	0.18712192149597742	0.22113002458762956	-0	-0	0.006065926445397682	0.5841575580078332	-0	-0	-0	-0	-0
GO:0002456	-0	-0	0.5783509335490997	0.57196822879212	0.17886355335042092	0.6067652106305172	0.7963351169181149	1	0.8093284645397175	-0	-0	-0	-0	-0	-0	-0	-0	-0	0.18775657541233182	0.17994628296884954	-0	-0	-0	-0	-0	-0	-0	0.1777651009486192	0.1759939127741453	0.1972973847449588	-0	-0	-0	-0	0.19554718846710772	-0	-0	0.5450087967667878	-0	-0	-0	-0	-0	0.5751730334412275	0.17888749052244696	0.16576375632794638	0.5329327950734599	0.5752207073561472	-0	0.21244929894714068	0.1916687152014813	-0	-0	-0	-0	-0	-0	-0	-0	-0	-0	-0	-0	-0	-0	-0	-0	0.5619330430884693	-0	-0	-0	-0	-0	-0	-0	-0	-0	-0	0.18709241956065445	-0	0.16445479071965488	0.1706429908506485	-0	-0	-0	0.17722396786729552	0.17451157461156327	0.1951471737045694	0.526124138937069	0.5350424669542154	-0	0.17133756124122076	0.17671277370572802	0.5433237719757786	0.5324610838663537	0.1689309150939934	0.1961670314225106	-0	-0	-0	0.5282485710628109	-0	-0	-0	-0	-0
GO:0002460	-0	-0	0.6578069897891129	0.649562555236287	0.20294275716107144	0.6948146788826476	0.6697455732818517	0.8093284645397175	1	-0	-0	-0	-0	-0	-0	-0	-0	-0	0.21446851417257604	0.20433776768418702	-0	-0	-0	-0	-0	-0	-0	0.2015298105966659	0.1992564297617443	0.22700780775466003	-0	-0	-0	-0	0.22469390059775682	-0	-0	0.6150131403190858	-0	-0	-0	-0	-0	0.6489205598563985	0.20297357371482777	0.1862431238052279	0.5996793095209485	0.6537606066686276	-0	0.2473013649411689	0.21958816630511607	-0	-0	-0	-0	-0	-0	-0	-0	-0	-0	-0	-0	-0	-0	-0	-0	0.6366506273902419	-0	-0	-0	-0	-0	-0	-0	-0	-0	-0	0.2136023738159861	-0	0.1845923556347045	0.19242492791717153	-0	-0	-0	0.20083460546486143	0.1973584417819972	0.22416591383280576	0.5910721414718358	0.6023518452757355	-0	0.19330859305691375	0.20017838282517939	0.612868296731606	0.5990821074705622	0.19025066081358277	0.22551267889220658	-0	-0	-0	0.5937547908783016	-0	-0	-0	-0	-0
GO:0002521	-0	-0	0.006414745269648117	0.006331356357992989	-0	-0	0.006170346647425846	-0	-0	1	0.8546506584761319	-0	-0	-0	-0	-0	-0	-0	0.006651761794400592	0.006325874369551886	-0	-0	-0	-0	-0	-0	0.005686676946355544	0.006235760097707882	-0	-0	-0	-0	-0	-0	0.006981916373555802	-0	-0	0.005982758833625753	-0	-0	-0	-0	-0	-0	-0	0.005746782384447228	0.005828484017846047	0.006373807999069835	-0	-0	-0	-0	-0	-0	-0	-0	-0	-0	-0	-0	-0	-0	-0	-0	-0	-0	-0	0.0062009159161627875	-0	-0	-0	-0	-0	-0	-0	-0	-0	-0	0.006623852613113196	-0	0.0056941411339368345	-0	0.0060630956605772935	-0	-0	0.006213463460684835	0.006102060354069363	0.006964838689539765	0.005742005024020115	0.005855353150078191	-0	0.0059724493137208986	0.00619242224212179	0.0059611631328109526	0.005822480990957334	0.005874709726380155	-0	-0	-0	0.8952479712380028	0.005768949349645171	-0	-0	-0	-0	-0
GO:0002573	-0	-0	0.00602074036210851	0.005947221940022395	-0	-0	0.005804937489474116	-0	-0	0.8546506584761319	1	-0	-0	-0	-0	-0	-0	-0	0.006229062344286072	0.00594238472151463	-0	-0	-0	-0	-0	-0	0.005374861142421036	0.005862796427352876	-0	-0	-0	-0	-0	-0	0.006517679173144233	-0	-0	0.005638610322013123	-0	-0	-0	-0	-0	-0	-0	0.0054285247080583954	0.0055013702656651195	0.005984663386843586	-0	-0	-0	-0	-0	-0	-0	-0	-0	-0	-0	-0	-0	-0	-0	-0	-0	-0	-0	0.005831985393657781	-0	-0	-0	-0	-0	-0	-0	-0	-0	-0	0.006204581021191448	-0	0.0053815287291356945	-0	0.0057099154089588905	-0	-0	0.005843082957038725	0.00574445993385967	0.006502794603441229	0.0054242616412730205	0.005525301870516235	-0	0.005629451857572318	0.005824471723004818	0.005619423693853117	0.005496021840481511	0.005542534575733573	-0	-0	-0	0.9213336815061418	0.005448300214333347	-0	-0	-0	-0	-0
GO:0002683	0.4776967366452736	0.16065023243293244	0.7752827187073444	0.7650362676280568	-0	0.8214524069630524	-0	-0	-0	-0	-0	1	0.7588041912577368	0.7374949580700443	0.7307876772393135	0.7850172506680737	0.7457347783949391	0.7305930990388512	0.8044308386896559	0.7643628234765755	0.7400476497838453	0.7187519552796984	0.168654232410047	0.4625764009688054	0.16229101467575305	-0	-0	0.15131711280857	-0	-0	0.15046030458914242	-0	-0	-0	0.1697569855273032	0.15962513857229063	0.15359994858137602	-0	0.48062547838731584	0.16430002034146465	0.49489724212998054	0.16676567330370826	-0	-0	-0	0.13927219490217488	-0	-0	0.7495064779253025	-0	-0	0.15339363395453995	0.17824376379892198	0.1529219117827827	-0	-0	0.8228029116736733	0.8006456106096139	0.7428386804021233	0.15622377080292227	0.14518301298221542	0.15295545467929791	0.7485238968537694	0.8403130456558988	0.14853609456480749	0.7818558916893334	0.15510947182588208	-0	0.16044808440802205	0.15558621918251841	0.1482845226126017	-0	0.7970606550232184	0.16441062504525933	-0	0.15504681643641754	0.17007626208278692	-0	-0	0.1486887380483004	0.13797733774126256	-0	-0	0.153439474731754	0.1468666089868384	-0	-0	-0	-0	-0	-0	0.14482716343295807	0.15024832471903674	-0	-0	0.1424204168906241	-0	0.7656644167194027	0.15149383189385432	-0	-0	0.15303435244231348	0.1483307006213706	0.1574779122202559	0.14730484441764885	0.14767198725996888
GO:0002685	0.14599328706129053	0.1518935177200114	0.7342484684143661	0.7250515302573826	-0	0.7755300283261665	-0	-0	-0	-0	-0	0.7588041912577368	1	0.8014376323688105	0.7945135638818044	0.7429740110156787	0.7076920160757885	0.6940416619209784	0.7603408117827642	0.7244466139867266	0.7025683379584061	0.6833470285640422	0.15902935629991388	0.14160704912812155	0.1533594874469266	-0	-0	0.1555982570867528	-0	-0	0.14275257465823316	-0	-0	-0	0.17347105860427484	0.1636784825027888	0.15782304884648207	-0	0.14684120059661498	0.1551522292151976	0.15096530490438917	0.15734912791485794	-0	-0	-0	0.14380211394382253	-0	-0	0.7110878375160172	-0	-0	0.15762212204602571	0.16752801812542317	0.14496658142735774	-0	-0	0.7767336461582395	0.7569582693400061	0.7050833463484164	0.14793050728277227	0.13799356977592056	0.15719529209198277	0.7102033467607453	0.7923192952477299	0.14101932502593803	0.7401415995939304	0.1592922940061816	-0	0.16447638389874952	0.15975600721744626	0.15263742169096783	-0	0.7537530841987123	0.15496223715358393	-0	0.14687477303562532	0.16029310245618988	-0	-0	0.1411569030111744	0.14252821651682696	-0	-0	0.1576667681458646	0.15125095737545394	-0	-0	-0	-0	-0	-0	0.1492543947332092	0.15455545558950998	-0	-0	0.14689467771360062	-0	0.7256157104025202	0.1557706063192378	-0	-0	0.14506762370564116	0.14083418032509307	0.16159450167256803	0.15167961583543718	0.1520386367600935
GO:0002687	0.14206171502193266	0.48078703480527657	0.7733691319926501	0.7639424419898393	-0	0.8156029622515741	-0	-0	-0	-0	-0	0.7374949580700443	0.8014376323688105	1	0.9397822981203621	0.72253263460475	0.689121701188868	0.7321104959971905	0.7389464031306399	0.7049986684802017	0.6842624694043864	0.721115354196613	0.15437551033280145	0.1379051742824365	0.4852961670536138	-0	-0	0.15147703075017976	-0	-0	0.45261563885214734	-0	-0	-0	0.16836422395145548	0.15912437522811562	0.4918955444741148	-0	0.14286444961737294	0.49080709859151306	0.1467652338561742	0.49755545875188306	-0	-0	-0	0.14027499197512208	-0	-0	0.6923412382326197	-0	-0	0.4912861018964998	0.16237153449554764	0.4594476878675874	-0	-0	0.754420308663183	0.7966187657745479	0.686647902417239	0.14389534695779485	0.43791124080904476	0.15299017558266645	0.6915027413746	0.8327426495902336	0.13734771647607846	0.7198536539275373	0.4963507298767964	-0	0.15987839123712866	0.1554146637576177	0.14866954658805412	-0	0.7327226723658337	0.15039659843344289	-0	0.14289622806629865	0.1555660971636487	-0	-0	0.13747822039012292	0.13906255604097878	-0	-0	0.1534367283779009	0.47193972276053175	-0	-0	-0	-0	-0	-0	0.1454582697735534	0.150488562202857	-0	-0	0.1432161584390438	-0	0.7061057901071535	0.48566820158864493	-0	-0	0.1411850865632683	0.44669128287480775	0.15715405035307303	0.4732426844441308	0.14810143042661358
GO:0002688	0.14082228528207044	0.1463041051811218	0.7079845226364403	0.6994299302700416	-0	0.7462885997611589	-0	-0	-0	-0	-0	0.7307876772393135	0.7945135638818044	0.9397822981203621	1	0.7160935600292564	0.6832619472426509	0.6705292893797682	0.7322128159875589	0.6988669946249451	0.6784847159150923	0.6605417823971709	0.5623154527624893	0.5028302038234327	0.5430118313990602	-0	-0	0.15017703349946154	-0	-0	0.13780470326692823	-0	-0	-0	0.16675974814642683	0.15769042471596637	0.15224846537753528	-0	0.5207540802333368	0.5491211240227333	0.7179356446412218	0.7471390066481116	-0	-0	-0	0.1391594521180108	-0	-0	0.6864268384756592	-0	-0	0.5157906162845386	0.16075439965296587	0.13986678429819455	-0	-0	0.7474030984923451	0.729075395106035	0.6808299658820761	0.704020986601565	0.6583161014931934	0.15166419024199027	0.6856025977996169	0.7618229737213459	0.13618884188284955	0.7134620287740807	0.15361530158474634	-0	0.15843088069616354	0.15404650663313577	0.14741709200615058	-0	0.7261015258438247	0.1489622028963097	-0	0.14164225826124222	0.1540810587698947	-0	-0	0.5012865910126525	0.13796614132813284	-0	-0	0.1521030248203525	0.14612344057914592	-0	-0	-0	-0	-0	-0	0.14425911891777152	0.14920540408718938	-0	-0	0.142053542645676	-0	0.6999549269238331	0.15033757605815343	-0	-0	0.139960840159814	0.13601615609028034	0.5283198088936302	0.4970058435920303	0.4981421596044963
GO:0002697	0.1508168597021695	0.1571218336352064	0.7587650058259927	0.7489477489176604	-0	0.8029322849570016	-0	-0	-0	-0	-0	0.7850172506680737	0.7429740110156787	0.72253263460475	0.7160935600292564	1	0.7304397146336753	0.7159067270183802	0.7866619858076822	0.7483023197066201	0.7249826267745476	0.7045331538171564	0.16476973832232242	0.14614063563895485	0.15869098160328646	-0	-0	0.14818277686131598	-0	-0	0.14736099995960594	-0	-0	-0	0.1658221200781922	0.15614113660050158	0.1503713362747788	-0	0.15172190210434872	0.1606113186622908	0.1561288300515163	0.16296670804067845	-0	-0	-0	0.13661260328276673	-0	-0	0.7340579098937061	-0	-0	0.1501735982197459	0.17391064809206475	0.14972144375099547	-0	-0	0.8042225324818504	0.7830417563274286	0.7276609753065928	0.15288511168260135	0.142295221119013	0.1497535971687915	0.733115391155827	0.820942739353648	0.14551476001682978	0.7650599371776055	0.15181776846442913	-0	0.15692846240239122	0.15227446586079169	0.14527330998060092	-0	0.7796123754095323	0.16059639575495194	-0	0.1517577436638415	0.16612675361602552	-0	-0	0.14566125382995376	0.13536650679763995	-0	-0	0.15021753434453344	0.14391213445581677	-0	-0	-0	-0	-0	-0	0.14195337030900365	0.14715765731287989	-0	-0	0.1396404271715707	-0	0.7495497457812507	0.14835224666040436	-0	-0	0.14982922551229808	0.1453176312787731	0.15408601533314695	0.14433289025700466	0.1446853502148928
GO:0002700	0.22973280576307537	0.23885795162101242	0.7220044248135619	0.7131098005327302	-0	0.7618832850098884	-0	-0	-0	-0	-0	0.7457347783949391	0.7076920160757885	0.689121701188868	0.6832619472426509	0.7304397146336753	1	0.8888802459014731	0.7472188704334803	0.7125246382880878	0.6913500004861788	0.6727294926908353	0.1561737098390887	0.13933836108511546	0.15070213436508276	-0	-0	0.1411936126194714	-0	-0	0.21602781006734223	-0	-0	-0	0.15711883554141665	0.14840069500160172	0.14317920709742818	-0	0.14440314397845916	0.1524329359589541	0.14838957831970506	0.1545529749841172	-0	-0	-0	0.13065030548549864	-0	-0	0.6995980030813796	-0	-0	0.1429999206912279	0.1643620380325408	0.14258987361928693	-0	-0	0.7630448844869037	0.7439518213653558	0.6937851935710194	0.14545644893003074	0.135838306546238	0.2193681981861712	0.6987418475871773	0.7780807099956085	0.13876928015823328	0.7277018890306278	0.1444899819642828	-0	0.23857862965967885	0.2318456398628317	0.2216793780569216	-0	0.7408556109547082	0.15216049379201876	-0	0.1444356107189232	0.24209156772970683	-0	-0	0.13890250082179467	0.1295101504250349	-0	-0	0.14303975892714882	0.13731104883352352	-0	-0	-0	-0	-0	-0	0.13552674213247776	0.14026261003330884	-0	-0	0.13341692887407428	-0	0.7136555424292131	0.14134746475597662	-0	-0	0.21947370263652197	0.21317096033360855	0.1465430697231453	0.1376940393449462	0.1380147849173896
GO:0002702	0.2252579937574837	0.7172975658566803	0.7663573239341513	0.7570997715014336	-0	0.8078082701872277	-0	-0	-0	-0	-0	0.7305930990388512	0.6940416619209784	0.7321104959971905	0.6705292893797682	0.7159067270183802	0.8888802459014731	1	0.7320174782388211	0.6986890413997571	0.6783169900018319	0.7150153242695187	0.15287059839398262	0.13670300030313343	0.48072767418387974	-0	-0	0.1384882877164339	-0	-0	0.50074519486936	-0	-0	-0	0.15377605171647496	0.14541506038711102	0.4571962846132776	-0	0.14157466135724298	0.4861347581921364	0.1454043864967076	0.4927543786301648	-0	-0	-0	0.12833060451648554	-0	-0	0.6862551633863482	-0	-0	0.4566348985138847	0.16070752870424596	0.4553508461568892	-0	-0	0.7471995729548765	0.78918105888867	0.680661078586492	0.14258696277676558	0.4341879171242787	0.21512340537747848	0.6854313346958986	0.8246185399477297	0.13615519999081105	0.7132765662261902	0.46129978625939616	-0	0.23375619627059263	0.2272889566792123	0.21750995466814235	-0	0.7259094347667188	0.14892061021670408	-0	0.14160586853839002	0.23693217172885367	-0	-0	0.1362834464940569	0.1272304065527236	-0	-0	0.14026392116515848	0.43880756747751837	-0	-0	-0	-0	-0	-0	0.1330323000041878	0.13759250691544506	-0	-0	0.13099885385930696	-0	0.69977641929551	0.4514594008322586	-0	-0	0.2152248653474745	0.4942476993007021	0.1436309800590265	0.4400086170429234	0.13542878837250708
GO:0002764	0.15438019448414117	0.16099315386246488	0.8268281138356298	0.8158781065849727	0.214349251489492	0.8761753997415253	0.21050084077810732	0.18775657541233182	0.21446851417257604	0.006651761794400592	0.006229062344286072	0.8044308386896559	0.7603408117827642	0.7389464031306399	0.7322128159875589	0.7866619858076822	0.7472188704334803	0.7320174782388211	1	0.8151584424418667	0.7891761962554354	0.7664232173744078	0.6215915022824352	0.5497056863768432	0.5980886740466953	-0	0.00578229446347329	0.29948149227690407	0.2102410893775594	0.24137562753123157	0.1507610624484291	-0	-0	-0	0.3360593667706962	0.17342143063631651	0.16686212917369317	0.2322364200731032	0.5711985986060071	0.6055085966650022	0.5881958247290682	0.6146156103082222	-0	0.20360610175239088	0.214383629806027	0.27559851356647586	0.005928971902216844	0.006494173369311347	0.75100563518853	0.2644498812560533	0.2330043705309044	0.5652324648594531	0.17866600648277034	0.15323260140881598	-0	-0	0.8776190351167571	0.8539350842155549	0.7443112563525547	0.5756827395358914	0.5349192099704951	0.16616056537243087	0.7982332004096059	0.8963376084630462	0.14882920144396677	0.7834873926442052	0.16850536764346039	0.006314781605144307	0.17431740918674352	0.1690243594999268	0.1610763815773843	-0	0.7987562974463879	0.1647818408372341	-0	0.1553662093544262	0.17046065352516168	-0	0.25761090033758294	0.5478613851705044	0.2730314918144497	0.20264995595261454	0.006171911677136395	0.16668744425028498	0.1595331456117609	0.24135660756509833	0.23695107798076365	0.27114646215577876	0.22273223903570608	0.0059567777233105424	-0	0.2866121010510971	0.29736196223114786	0.006066319355435979	0.005922760206957988	0.2818401528411169	0.23968595374502175	0.7672289761602842	0.16456956048960364	0.006530572085552371	0.0058673775308375545	0.15334549958982516	0.14862299665399661	0.5803139055236373	0.5427522855252034	0.5441076960763992
GO:0002768	0.1470173280206942	0.1530023175864871	0.9165734041639888	0.9050123932345348	0.20422950315624402	0.8315646827736636	0.20073292925465192	0.17994628296884954	0.20433776768418702	0.006325874369551886	0.00594238472151463	0.7643628234765755	0.7244466139867266	0.7049986684802017	0.6988669946249451	0.7483023197066201	0.7125246382880878	0.6986890413997571	0.8151584424418667	1	0.7528009256203266	0.7320695499527516	0.5892785293492048	0.5242815597536983	0.5681141421746466	-0	0.005534446830638977	0.28544158308866774	0.2004967116065604	0.2286190244372554	0.14373150511093263	-0	-0	-0	0.6046054284243603	0.16486604750200476	0.1589268792639828	0.2217783162804477	0.543797043794869	0.5748048101507827	0.5591806428694226	0.5830053993715653	-0	0.194453676155926	0.20426071175981345	0.263663998588436	0.005668673680559325	0.006183183415856791	0.7159671090266416	0.24921474407719504	0.22109543086500563	0.5383868843149872	0.16887783865302447	0.14597621998253826	-0	-0	0.8328649452973214	0.8115055315442978	0.7098802857898775	0.5478597474706888	0.510814461237751	0.15829032832101977	0.7610378907417699	0.849704776549782	0.14197454862621717	0.7454292153444999	0.1604168454083702	0.0060203461217355125	0.1656755978399543	0.16088713872242694	0.15366966897821868	-0	0.7592376913477363	0.15615534582847468	-0	0.14791126124087883	0.1615284231129716	-0	0.24480561815128876	0.5226036524938992	0.2613135395748094	0.193581374801717	0.005890351477859948	0.15876840592990296	0.15226447497528137	0.23008091252487475	0.2260739855992336	0.25699713582549444	0.21309484610074286	0.00569408635917504	-0	0.5196440850307434	0.28351548588049963	0.005794098439761136	0.005662995172478408	0.5113750385512416	0.22710266740728965	0.730697102709452	0.15684581563961536	0.0062161706588120536	0.0056123432226683105	0.1460786751034406	0.1417868888673159	0.5520524484969559	0.5179527779121589	0.5191870142269642
GO:0002819	0.14253318051414804	0.1481516675519062	0.7627425993910084	0.7534146547861605	-0	0.8045433858055727	-0	-0	-0	-0	-0	0.7400476497838453	0.7025683379584061	0.6842624694043864	0.6784847159150923	0.7249826267745476	0.6913500004861788	0.6783169900018319	0.7891761962554354	0.7528009256203266	1	0.7110457801926992	0.5697415109694255	0.5087599311665829	0.5499336474329007	-0	-0	0.1401782482959748	-0	-0	0.13944263452760797	-0	-0	-0	0.15586252736395	0.14727944029097437	0.14213518957724647	-0	0.5271167586416771	0.5562005828129977	0.5415585553224969	0.563875375556927	-0	-0	-0	0.1297804523489679	-0	-0	0.6945904411184878	-0	-0	0.5220318566812683	0.16298773450377682	0.14155440180074708	-0	-0	0.8057604566111505	0.7857519498519253	0.6888602065189496	0.5309331736704977	0.4960687786020197	0.14158314272970207	0.7383431505231269	0.8215116982718297	0.137788363526135	0.7222854812178596	0.1434268324021671	-0	0.14797973330442013	0.14383437399825733	0.13757185423967747	-0	0.7352423779022368	0.15094284507616984	-0	0.1433732581862798	0.15613163641087657	-0	-0	0.5071797541587696	0.12865536339403796	-0	-0	0.14199776664072086	0.13635056810166274	-0	-0	-0	-0	-0	-0	0.1345909763449615	0.13926054426830559	-0	-0	0.13250997389674174	-0	0.708445466686275	0.14032989440969101	-0	-0	0.14165074187297655	0.13761160019741014	0.534869872209041	0.5027982054032257	0.503961193170739
GO:0002821	0.13859589701066125	0.46860837848524617	0.789150940727808	0.7797660227254457	-0	0.8311285259659612	-0	-0	-0	-0	-0	0.7187519552796984	0.6833470285640422	0.721115354196613	0.6605417823971709	0.7045331538171564	0.6727294926908353	0.7150153242695187	0.7664232173744078	0.7320695499527516	0.7110457801926992	1	0.55267508799006	0.4951075868038752	0.6707163639174293	-0	-0	0.13636825467784397	-0	-0	0.4418063265614624	-0	-0	-0	0.15116653156051413	0.1430794364893996	0.4501023283958444	-0	0.5124756221818367	0.6781360434563489	0.5261159130254991	0.6872158801061361	-0	-0	-0	0.1265081154667579	-0	-0	0.6757973435818766	-0	-0	0.637622806340976	0.15785963601295483	0.4483136020593866	-0	-0	0.7820555003091253	0.8122734756253348	0.6703717818622181	0.5160822476359432	0.6067411554704202	0.13769745584304677	0.718389880022689	0.8106956182961218	0.13410546827720124	0.7019857509586437	0.4540789225429435	-0	0.1437402685444475	0.13982588584545155	0.13390036969474692	-0	0.7142184113243877	0.14639149675451	-0	0.139390074429957	0.1514196557064919	-0	-0	0.49361095386366766	0.12543881437896529	-0	-0	0.13808960219258634	0.4322687012654606	-0	-0	-0	-0	-0	-0	0.13107484071027156	0.13549960386838747	-0	-0	0.129100351152462	-0	0.6889057037132921	0.4445410101249452	-0	-0	0.1377613946071088	0.4361597961076954	0.5198010252972672	0.6147535606075039	0.4905617866442633
GO:0002831	0.16081666876304193	0.16800538129829382	0.5980702380230626	0.5898204080570074	-0	0.6353635165253417	-0	-0	-0	-0	-0	0.168654232410047	0.15902935629991388	0.15437551033280145	0.5623154527624893	0.16476973832232242	0.1561737098390887	0.15287059839398262	0.6215915022824352	0.5892785293492048	0.5697415109694255	0.55267508799006	1	0.5718680391204832	0.6244174341223877	-0	-0	0.15782516792837997	-0	-0	0.15689330014077263	-0	-0	-0	0.17799101963838537	0.16688460111213213	0.16031020564312576	-0	0.5951656610620955	0.63250942729384	0.6136422633478688	0.6424534185690796	-0	-0	-0	0.14476658730331862	-0	-0	0.15699738295595028	-0	-0	0.5886911920358064	0.1873437441803538	0.1595717749794723	-0	-0	0.6364573497843959	0.6185325527469708	0.15554149339334758	0.6000356031620048	0.5558825783519034	0.1596082989025127	0.5765459402213309	0.6506549270272852	0.1548021751504138	0.16407652157733663	0.1619552079254155	-0	0.16778431214280992	0.16247503681209874	0.15452894960163102	-0	0.16741289128430503	0.17239272351901544	-0	0.16188690113341422	0.17834205229708652	-0	-0	0.5698722975644012	0.14336806166636598	-0	-0	0.16013541239555032	0.15298972147188547	-0	-0	-0	-0	-0	-0	0.15077795572410374	0.15666282006667842	-0	-0	0.1481711445996575	-0	0.16053001176640067	0.15801742472315716	-0	-0	0.15969421121971739	0.15457909937279105	0.6050685899463333	0.5643464945579634	0.5658120503517655
GO:0002832	0.44345848808846605	0.1486803478731486	0.8160651321181073	0.8060509024595818	-0	0.5604489544821417	-0	-0	-0	-0	-0	0.4625764009688054	0.14160704912812155	0.1379051742824365	0.5028302038234327	0.14614063563895485	0.13933836108511546	0.13670300030313343	0.5497056863768432	0.5242815597536983	0.5087599311665829	0.4951075868038752	0.5718680391204832	1	0.8478414753229466	-0	-0	0.1406514626547261	-0	-0	0.13991088704621088	-0	-0	-0	0.1564477810457325	0.1478019028616349	0.1426217315935631	-0	0.6821220715824143	0.5582270508854885	0.700876951621059	0.565958259056282	-0	-0	-0	0.13018596694353676	-0	-0	0.13999365116008394	-0	-0	0.5238165915343495	0.16362783052549165	0.14203696900940385	-0	-0	0.8622589342918531	0.8407709814818979	0.13883488262756422	0.5327793991213132	0.4976801277076661	0.1420659062514111	0.6630903694370959	0.572313318609003	0.13824555355128373	0.14559505022019778	0.14392227283728729	-0	0.14850718505607116	0.14433263887240008	0.1380276062359759	-0	0.14821613412799156	0.15151008718907294	-0	0.14386832792807333	0.15671891661883308	-0	-0	0.508864216356492	0.12905386671940236	-0	-0	0.14248336668163947	0.13679825102549992	-0	-0	-0	-0	-0	-0	0.13502716072753798	0.1397275726084127	-0	-0	0.1329327530846275	-0	0.14279568108169194	0.14080413490942578	-0	-0	0.14213396728416444	0.138067616011312	0.5367436258066071	0.5044536415296474	0.5056243089691451
GO:0002833	0.15502096007787594	0.5265325414824278	0.8852731194398372	0.8735005645609819	-0	0.7671904313595332	-0	-0	-0	-0	-0	0.16229101467575305	0.1533594874469266	0.4852961670536138	0.5430118313990602	0.15869098160328646	0.15070213436508276	0.48072767418387974	0.5980886740466953	0.5681141421746466	0.5499336474329007	0.6707163639174293	0.6244174341223877	0.8478414753229466	1	-0	-0	0.15223933176724527	-0	-0	0.4929325781541292	-0	-0	-0	0.17091853024751658	0.1606517494875374	0.5032822063231407	-0	0.573584023642618	0.7638766745705551	0.5907256431752105	0.7754172301419081	-0	-0	-0	0.14005306025552333	-0	-0	0.15146896173123758	-0	-0	0.7128565331241642	0.1795247896727909	0.5010468813738501	-0	-0	0.9398964893500886	0.9144219525701938	0.15011335803667014	0.5781058441344801	0.6744767655896277	0.15389781404548736	0.55627053896939	0.7849250498906871	0.14942462705381188	0.1580478704412906	0.5082591815032362	-0	0.161485342366952	0.15656137696373687	0.14917003890732122	-0	0.1611412572428115	0.1655365886849683	-0	0.15601520333601976	0.17124219515029862	-0	-0	0.5500554971783573	0.13874371074441771	-0	-0	0.15438782612395557	0.4810894111228637	-0	-0	-0	-0	-0	-0	0.14567175063253807	0.15115752285213124	-0	-0	0.14323708738456895	-0	0.1547545754451223	0.49633924335270335	-0	-0	0.15397768723621005	0.48591396962581457	0.5827762363685298	0.6843926330537123	0.5462717856505034
GO:0006816	-0	-0	-0	-0	-0	-0	-0	-0	-0	-0	-0	-0	-0	-0	-0	-0	-0	-0	-0	-0	-0	-0	-0	-0	-0	1	-0	-0	-0	-0	-0	-0	-0	-0	-0	-0	-0	-0	-0	-0	-0	-0	-0	-0	-0	-0	-0	-0	-0	-0	-0	-0	-0	-0	-0	-0	-0	-0	-0	-0	-0	-0	-0	-0	-0	-0	-0	-0	-0	-0	-0	0.2095473266811826	-0	-0	-0	-0	-0	-0	-0	-0	-0	-0	-0	-0	-0	-0	-0	-0	-0	-0	-0	-0	-0	-0	-0	-0	-0	-0	-0	-0	-0	-0	-0	-0	-0	-0
GO:0007159	-0	-0	0.005602352217813451	0.005538642471880417	-0	-0	0.005415033435163392	-0	-0	0.005686676946355544	0.005374861142421036	-0	-0	-0	-0	-0	-0	-0	0.00578229446347329	0.005534446830638977	-0	-0	-0	-0	-0	-0	1	0.005465347220912916	-0	-0	-0	-0	-0	-0	0.006030171242233516	-0	-0	0.0052700204134896525	-0	-0	-0	-0	-0	-0	-0	0.0050860551708311694	0.005149945343834036	0.005571102074281853	-0	-0	-0	-0	-0	-0	-0	-0	-0	-0	-0	-0	-0	-0	-0	-0	-0	-0	-0	0.005438562513284692	-0	-0	-0	-0	-0	-0	-0	-0	-0	-0	0.005761193009674273	-0	0.00504477928001997	-0	0.005332256472651692	-0	-0	0.005448212068220989	0.005362370454807457	0.0060174278864561495	0.005082312840245592	0.005170911298629953	-0	0.005262019322523245	0.005432027818675304	0.00525325648877859	0.005145258112531177	0.005186001281452071	-0	-0	-0	0.005597867533158655	0.005103410238408195	-0	-0	-0	-0	-0
GO:0007249	0.14497779798992752	0.15079459818841415	0.28927650675766836	0.28567827420985775	0.20142450034443002	0.15462775520315092	0.1980225147128376	0.1777651009486192	0.2015298105966659	0.006235760097707882	0.005862796427352876	0.15131711280857	0.1555982570867528	0.15147703075017976	0.15017703349946154	0.14818277686131598	0.1411936126194714	0.1384882877164339	0.29948149227690407	0.28544158308866774	0.1401782482959748	0.13636825467784397	0.15782516792837997	0.1406514626547261	0.15223933176724527	-0	0.005465347220912916	1	0.1977926294451273	0.22510981472342784	0.14178151829053928	-0	-0	-0	0.31364193475846197	0.16250139645292616	0.1567283929151355	0.21887105399906906	0.14581392306545807	0.15400582955625902	0.14987972721209056	0.15617015655861305	-0	0.1919091069476609	0.20145485749840755	0.3555267420133175	0.005596203626969952	0.006097060983945268	0.1538017335625144	0.2450505407872793	0.21781173022471592	0.15653024194334608	0.1661922255588523	0.1439652761156776	-0	-0	0.15486595343368403	0.1509516738041073	0.15251178307275468	0.14688798609321682	0.13708597343193293	0.15610929708481358	0.14169124911624853	0.1579498873755973	0.1400716276572637	0.16004128666935985	0.1581772339244044	0.005938670155422067	0.16328783540363698	0.15863446847412802	0.15161328528361898	-0	0.16296328041530597	0.1537806931151974	-0	0.1458470273597968	0.1590697731934314	-0	0.24126810473580804	0.14020736182519347	0.35239698418722115	0.19105943575488574	0.005812141705700297	0.15657427155418235	0.15024528042544796	0.22695343530871978	0.22305377675890006	0.25310131047273454	0.21040940948613682	0.00562096927275276	-0	0.27014464124134263	0.38193197895374503	0.005718407381491034	0.005590669311486447	0.2659012308281377	0.22363950166963925	0.15692215686750047	0.1547041404211169	0.006129133318059681	0.0055412972787532095	0.14406492690731063	0.13988896145256755	0.16044709344664124	0.15066824951288174	0.15102249306338392
GO:0009612	-0	-0	0.20315941453713104	0.20066107689108595	0.4701461161150804	-0	0.19582714325755804	0.1759939127741453	0.1992564297617443	-0	-0	-0	-0	-0	-0	-0	-0	-0	0.2102410893775594	0.2004967116065604	-0	-0	-0	-0	-0	-0	-0	0.1977926294451273	1	0.5247344597002241	-0	-0	-0	-0	0.22005811417212726	-0	-0	0.4489585965879198	-0	-0	-0	-0	-0	0.4481748900774914	0.19918315785267454	0.18304689860453527	-0	-0	-0	0.5705805689461182	0.507929732629801	-0	-0	-0	-0	-0	-0	-0	-0	-0	-0	-0	-0	-0	-0	-0	-0	-0	-0	-0	-0	-0	-0	-0	-0	-0	-0	-0	0.49435582188980726	-0	0.1814520612178696	0.189014944826025	-0	-0	-0	0.19712292625661176	0.4574442722379378	0.21955166449552588	0.43178140008739635	-0	-0	0.1898674990368976	0.19649069696041205	-0	-0	0.18691663561125008	0.521349988130939	-0	-0	-0	-0	-0	-0	-0	-0	-0
GO:0009615	-0	-0	0.2320875323350848	0.22883275678830295	0.6550354819575132	-0	0.22256741972655072	0.1972973847449588	0.22700780775466003	-0	-0	-0	-0	-0	-0	-0	-0	-0	0.24137562753123157	0.2286190244372554	-0	-0	-0	-0	-0	-0	-0	0.22510981472342784	0.5247344597002241	1	-0	-0	-0	-0	0.2544056470348663	-0	-0	0.5082621203405484	-0	-0	-0	-0	-0	0.6203883261625112	0.22691270958337073	0.20620440107213858	-0	-0	-0	0.6699212667363075	0.7156837259901702	-0	-0	-0	0.6930255594525888	0.6536483755450783	-0	-0	-0	-0	-0	-0	-0	-0	-0	-0	-0	-0	-0	-0	-0	-0	-0	-0	0.6854540740438624	-0	-0	-0	0.5672322409765789	-0	0.20418273660672118	0.21380938596711332	-0	-0	-0	0.6391931472659732	0.6349507599967872	0.25372900489602634	0.48635799745076147	-0	-0	0.21490092755328727	0.22342495990074535	-0	-0	0.21112837396720155	0.7375567895594864	-0	-0	-0	-0	-0	-0	-0	-0	-0
GO:0010952	0.2217862380648114	0.5449911927926192	0.47430541856592207	0.4684375999643516	-0	0.5006212631427045	-0	-0	-0	-0	-0	0.15046030458914242	0.14275257465823316	0.45261563885214734	0.13780470326692823	0.14736099995960594	0.21602781006734223	0.50074519486936	0.1507610624484291	0.14373150511093263	0.13944263452760797	0.4418063265614624	0.15689330014077263	0.13991088704621088	0.4929325781541292	-0	-0	0.14178151829053928	-0	-0	1	-0	-0	-0	0.15784718208123835	0.1490502885942509	0.46822188173832174	-0	0.14501813950165976	0.4986193256910411	0.14903907438103986	0.5055857488818064	-0	-0	-0	0.13115353186170167	-0	-0	0.1411131191555855	-0	-0	0.46763311018057974	0.16515925661574415	0.46628655043633976	-0	-0	0.1539686036489284	0.4887868482883858	0.13993582212053887	0.146080468356246	0.4441196596593588	0.46346375596536743	0.14093971266119257	0.511313408625223	0.13933712955844146	0.14680628184056338	0.47252661901378346	-0	0.61203736403167	0.7012260325604314	0.6703521605706028	-0	0.14947155686399283	0.7918778329988317	-0	0.14505088340620173	0.7953984273645438	-0	-0	0.13947144326887748	0.13000461542390698	-0	-0	0.14364317202500362	0.44895424628450215	-0	-0	-0	-0	-0	-0	0.13606831260049443	0.14084277227083258	-0	-0	0.133941736140651	-0	0.1439605972199535	0.4622067841142534	-0	-0	0.7951262620384243	0.7974058751591251	0.147176467648335	0.45021156206890617	0.13857646375857421
GO:0016032	-0	-0	-0	-0	-0	-0	-0	-0	-0	-0	-0	-0	-0	-0	-0	-0	-0	-0	-0	-0	-0	-0	-0	-0	-0	-0	-0	-0	-0	-0	-0	1	-0	-0	-0	-0	-0	-0	-0	-0	-0	-0	-0	-0	-0	-0	-0	-0	-0	-0	-0	-0	-0	-0	-0	-0	-0	-0	-0	-0	-0	-0	-0	-0	-0	-0	-0	-0	-0	-0	-0	-0	-0	-0	-0	-0	-0	-0	-0	-0	-0	-0	-0	-0	-0	-0	-0	-0	-0	-0	-0	-0	-0	-0	-0	-0	-0	-0	-0	-0	-0	-0	-0	-0	-0	-0
GO:0019058	-0	-0	-0	-0	-0	-0	-0	-0	-0	-0	-0	-0	-0	-0	-0	-0	-0	-0	-0	-0	-0	-0	-0	-0	-0	-0	-0	-0	-0	-0	-0	-0	1	0.863225174466037	-0	-0	-0	-0	-0	-0	-0	-0	-0	-0	-0	-0	-0	-0	-0	-0	-0	-0	-0	-0	-0	-0	-0	-0	-0	-0	-0	-0	-0	-0	-0	-0	-0	-0	-0	-0	-0	-0	-0	-0	-0	-0	-0	-0	-0	-0	-0	-0	-0	-0	-0	-0	-0	-0	-0	-0	-0	-0	-0	-0	-0	-0	-0	-0	-0	-0	-0	-0	-0	-0	-0	-0
GO:0019079	-0	-0	-0	-0	-0	-0	-0	-0	-0	-0	-0	-0	-0	-0	-0	-0	-0	-0	-0	-0	-0	-0	-0	-0	-0	-0	-0	-0	-0	-0	-0	-0	0.863225174466037	1	-0	-0	-0	-0	-0	-0	-0	-0	-0	-0	-0	-0	-0	-0	-0	-0	-0	-0	-0	-0	-0	-0	-0	-0	-0	-0	-0	-0	-0	-0	-0	-0	-0	-0	-0	-0	-0	-0	-0	-0	-0	-0	-0	-0	-0	-0	-0	-0	-0	-0	-0	-0	-0	-0	-0	-0	-0	-0	-0	-0	-0	-0	-0	-0	-0	-0	-0	-0	-0	-0	-0	-0
GO:0019221	0.16181900628143642	0.16909963812818135	0.3232625872012236	0.31877575755659504	0.6116171857039023	0.17393481736303287	0.22034270606911177	0.19554718846710772	0.22469390059775682	0.006981916373555802	0.006517679173144233	0.1697569855273032	0.17347105860427484	0.16836422395145548	0.16675974814642683	0.1658221200781922	0.15711883554141665	0.15377605171647496	0.3360593667706962	0.6046054284243603	0.15586252736395	0.15116653156051413	0.17799101963838537	0.1564477810457325	0.17091853024751658	-0	0.006030171242233516	0.31364193475846197	0.22005811417212726	0.2544056470348663	0.15784718208123835	-0	-0	-0	1	0.18209508481981684	0.17487690451219298	0.5148039735046331	0.16286136778138585	0.17314828143419828	0.1679500191946142	0.17588887239991843	-0	0.8068033292563745	0.8515453505231348	0.28754543649347986	0.006189867492390933	0.006808500104003621	0.1712410737118933	0.2801713072488142	0.24512357321840306	0.17463024254877788	0.18870543023091185	0.16055860661055646	-0	-0	0.17423627078767526	0.16929718832968232	0.16964352670019414	0.16420240891171212	0.15204897552879548	0.17410648224153735	0.157735304630922	0.17814966292280068	0.1557307240005662	0.17901157948423094	0.17668264536423814	0.00661158575196747	0.1830831845185741	0.17725331631672914	0.16853256908752093	-0	0.18267526648471777	0.17358386412965832	-0	0.162902666257686	0.17957559580287819	-0	0.5738890674534077	0.15589852111581093	0.28475216308388823	0.8028442954565337	0.006455136372479764	0.17468504517540745	0.1668439032204672	0.2527252061585019	0.5930490009109134	0.7479770506229528	0.4928233526547647	0.00622018051740836	-0	0.5686768374613053	0.3113180074396897	0.0063397211887386146	0.006183097408661099	0.5587885080639291	0.2525293333505069	0.17511817528533816	0.17236047251453218	0.006848518441131149	0.006122763793634062	0.1606825624740008	0.15550496600029806	0.17951944418350238	0.1673656535428978	0.16780287786869086
GO:0022407	0.15258678647830817	0.15904378198484698	0.16719853005059535	0.16500991317360744	-0	0.16331373180306027	-0	-0	-0	-0	-0	0.15962513857229063	0.1636784825027888	0.15912437522811562	0.15769042471596637	0.15614113660050158	0.14840069500160172	0.14541506038711102	0.17342143063631651	0.16486604750200476	0.14727944029097437	0.1430794364893996	0.16688460111213213	0.1478019028616349	0.1606517494875374	-0	-0	0.16250139645292616	-0	-0	0.1490502885942509	-0	-0	-0	0.18209508481981684	1	0.887933933751634	-0	0.1535132612099867	0.1626201289690344	0.15802641520012073	0.16503524880605758	-0	-0	-0	0.14967848857829621	-0	-0	0.161691718346563	-0	-0	0.16471009759168828	0.17626835053284398	0.15146560449602978	-0	-0	0.16357946549220426	0.15921852319506077	0.1602666381143351	0.15470420844927296	0.14386974139206615	0.16424407376950845	0.14895052968513123	0.1670240560471431	0.1471617481294453	0.16860224838152854	0.16653472536513086	-0	0.17220933110156994	0.1670416308979817	0.1592747415371522	-0	0.17184838128637436	0.16267284194480217	-0	0.153549954220683	0.16827682243038813	-0	-0	0.147311578555208	0.14829884942788626	-0	-0	0.16475884989812808	0.1577656729949893	-0	-0	-0	-0	-0	-0	0.15559464787088775	0.1613643524411657	-0	-0	0.15303191462737775	-0	0.16514410042487732	0.8758737217766863	-0	-0	0.15157591298882367	0.1469601348823353	0.16905269243840224	0.15823211019680897	0.158622860182339
GO:0022409	0.14707204147422132	0.49843431501680574	0.483880036213846	0.47777444855891077	-0	0.5112997701866954	-0	-0	-0	-0	-0	0.15359994858137602	0.15782304884648207	0.4918955444741148	0.15224846537753528	0.1503713362747788	0.14317920709742818	0.4571962846132776	0.16686212917369317	0.1589268792639828	0.14213518957724647	0.4501023283958444	0.16031020564312576	0.1426217315935631	0.5032822063231407	-0	-0	0.1567283929151355	-0	-0	0.46822188173832174	-0	-0	-0	0.17487690451219298	0.887933933751634	1	-0	0.14793256881623626	0.5092116952871198	0.1521190780080121	0.5164794003822409	-0	-0	-0	0.14476685921332305	-0	-0	0.1559750886199311	-0	-0	0.508541029379383	0.16895003686384427	0.4755370002646519	-0	-0	0.15725796991977406	0.49896132412531946	0.15464858147259414	0.1490381887464182	0.45250359030390386	0.15834883202783337	0.14369096381920543	0.5224580017112236	0.14202557239420782	0.16239590938934334	0.5139696296231225	-0	0.1657396891584615	0.16094757809033114	0.15372480637403274	-0	0.16540532424137808	0.1562191380798723	-0	0.14796664220870145	0.16159447282640935	-0	-0	0.14216512173897308	0.1434758884282193	-0	-0	0.15882726362864769	0.4878404505717217	-0	-0	-0	-0	-0	-0	0.15029394826043607	0.1556704398254076	-0	-0	0.14790150946313962	-0	0.15918524406011042	0.9305852376819799	-0	-0	0.146132692007379	0.46188479739939536	0.16281376053798857	0.4892328203701795	0.15311747657327546
GO:0030595	-0	-0	0.6267132847879349	0.6192254013817633	0.45687943131973263	0.6602159543415521	0.6047223362174424	0.5450087967667878	0.6150131403190858	0.005982758833625753	0.005638610322013123	-0	-0	-0	-0	-0	-0	-0	0.2322364200731032	0.2217783162804477	-0	-0	-0	-0	-0	-0	0.0052700204134896525	0.21887105399906906	0.4489585965879198	0.5082621203405484	-0	-0	-0	-0	0.5148039735046331	-0	-0	1	-0	-0	-0	-0	-0	0.5867512787996717	0.3806026137921102	0.20297806651781036	0.5737296623133081	0.6230393272709742	-0	0.7304043870427928	0.49248002699207966	-0	-0	-0	-0	-0	-0	-0	-0	-0	-0	-0	-0	-0	-0	-0	-0	0.7351996627989096	-0	-0	-0	-0	-0	-0	-0	-0	-0	-0	0.7811158617971762	-0	0.20125515675160932	0.36169412275869744	0.005591739995831091	-0	-0	0.21815068616056307	0.4448751684890423	0.5136559357969869	0.8999653267773304	0.916393432024949	-0	0.21033759334148472	0.21747050170497956	0.9316858463918439	0.9116340386002441	0.20715531774479146	0.5050861595753809	-0	-0	0.005884540651839115	0.9038748441718198	-0	-0	-0	-0	-0
GO:0031348	0.4600197804476468	0.15446112531994408	0.8045551528051945	0.7943143493845053	-0	0.5828072617402269	-0	-0	-0	-0	-0	0.48062547838731584	0.14684120059661498	0.14286444961737294	0.5207540802333368	0.15172190210434872	0.14440314397845916	0.14157466135724298	0.5711985986060071	0.543797043794869	0.5271167586416771	0.5124756221818367	0.5951656610620955	0.6821220715824143	0.573584023642618	-0	-0	0.14581392306545807	-0	-0	0.14501813950165976	-0	-0	-0	0.16286136778138585	0.1535132612099867	0.14793256881623626	-0	1	0.847068043209669	0.727958126898601	0.5887672432310678	-0	-0	-0	0.13459671362410391	-0	-0	0.1451070581977856	-0	-0	0.543296832548175	0.17065684388266728	0.14730354156194042	-0	-0	0.851917138865298	0.8298605848179095	0.14386246963956373	0.8069915699418034	0.7519523244536102	0.14733466474462528	0.6872797991892801	0.5956479758176128	0.14322978259191954	0.15113393177374712	0.14933224576647944	-0	0.15427424385544866	0.14977408994072772	0.14299584976914628	-0	0.15396017284102412	0.15772651800325793	-0	0.14927416992344208	0.16315521034054498	-0	-0	0.5272287059605041	0.13338695839660678	-0	-0	0.1477837127734205	0.14167682445009097	-0	-0	-0	-0	-0	-0	0.1397780351802996	0.14482120693626496	-0	-0	0.13753487723256513	-0	0.1481197227962567	0.14597801487566997	-0	-0	0.14740786901180586	0.14303879209839296	0.5572160080923146	0.5224955192169441	0.5237515266357144
GO:0031349	0.1568529888484592	0.5330260735567222	0.8510989613528236	0.8396474493051139	-0	0.7769135433431044	-0	-0	-0	-0	-0	0.16430002034146465	0.1551522292151976	0.49080709859151306	0.5491211240227333	0.1606113186622908	0.1524329359589541	0.4861347581921364	0.6055085966650022	0.5748048101507827	0.5562005828129977	0.6781360434563489	0.63250942729384	0.5582270508854885	0.7638766745705551	-0	-0	0.15400582955625902	-0	-0	0.4986193256910411	-0	-0	-0	0.17314828143419828	0.1626201289690344	0.5092116952871198	-0	0.847068043209669	1	0.5979628926320054	0.7853513375806793	-0	-0	-0	0.14154668456391126	-0	-0	0.15321752422130885	-0	-0	0.7212436667949763	0.18198636049294367	0.5069235082150202	-0	-0	0.9042803773941354	0.8794685589781575	0.15183058490142318	0.8538259053226914	0.792455711528014	0.15570323784763124	0.5626835765253804	0.795105865325518	0.1511260432443586	0.15995258091213838	0.5143072288256118	-0	0.16347432842661663	0.15843021520890324	0.1508656294313531	-0	0.16312172428735056	0.16769807505485138	-0	0.15787094794222573	0.17348045449555097	-0	-0	0.5563252258484432	0.1402093918183259	-0	-0	0.15620483307182406	0.48650468144786635	-0	-0	-0	-0	-0	-0	0.1472883138718371	0.1528988608816198	-0	-0	0.14479977597073934	-0	0.15658027631311827	0.5021053246394805	-0	-0	0.15578499656378775	0.4914390212658995	0.5898188517046428	0.6921197230289255	0.5524550699917272
GO:0032102	0.4730774161234	0.15903101364702724	0.7612209381614339	0.7512573757342941	-0	0.6005130970188386	-0	-0	-0	-0	-0	0.49489724212998054	0.15096530490438917	0.1467652338561742	0.7179356446412218	0.1561288300515163	0.14838957831970506	0.1454043864967076	0.5881958247290682	0.5591806428694226	0.5415585553224969	0.5261159130254991	0.6136422633478688	0.700876951621059	0.5907256431752105	-0	-0	0.14987972721209056	-0	-0	0.14903907438103986	-0	-0	-0	0.1679500191946142	0.15802641520012073	0.1521190780080121	-0	0.727958126898601	0.5979628926320054	1	0.8145803982884892	-0	-0	-0	0.13805361349604003	-0	-0	0.14913299395209803	-0	-0	0.5586517438953875	0.17625266692839253	0.1514540239061446	-0	-0	0.807395541460071	0.7858725319972504	0.14781869891746707	0.763592467813785	0.7101193483520991	0.15148692587167825	0.7063233330388348	0.6141550022496806	0.14715081628466173	0.15550627726344393	0.15359949440361204	-0	0.15883291753666165	0.15406699076339375	0.1469039109751056	-0	0.15850003124871295	0.1626590377700169	-0	0.15353805272447577	0.16826252863513905	-0	-0	0.5416767215627681	0.13678121276341085	-0	-0	0.1519616819417871	0.14551215366304762	-0	-0	-0	-0	-0	-0	0.14350989519426924	0.1488310775025292	-0	-0	0.14114637319130957	-0	0.15231698192419135	0.15005310295401894	-0	-0	0.15156431552575228	0.14694923296942408	0.5733794822903382	0.5366817955769796	0.5380070191064202
GO:0032103	0.15909866436472164	0.5409947729629614	0.7941325891982176	0.783294978832112	-0	0.788854458078552	-0	-0	-0	-0	-0	0.16676567330370826	0.15734912791485794	0.49755545875188306	0.7471390066481116	0.16296670804067845	0.1545529749841172	0.4927543786301648	0.6146156103082222	0.5830053993715653	0.563875375556927	0.6872158801061361	0.6424534185690796	0.565958259056282	0.7754172301419081	-0	-0	0.15617015655861305	-0	-0	0.5055857488818064	-0	-0	-0	0.17588887239991843	0.16503524880605758	0.5164794003822409	-0	0.5887672432310678	0.7853513375806793	0.8145803982884892	1	-0	-0	-0	0.14337291036503957	-0	-0	0.15535959687952974	-0	-0	0.7315233138867534	0.18501631805216312	0.5141255820294208	-0	-0	0.8445183980281425	0.8209995221630113	0.15393378643103806	0.7967139674551124	0.7386776399798995	0.15791587968247797	0.570539588029834	0.807617050652138	0.1532096370969949	0.16228854842981508	0.5217221723000529	-0	0.1659150772417403	0.16072161019568337	0.15294199942535153	-0	0.16555187710469482	0.17035483035311325	-0	0.16014607782704576	0.17623165435797308	-0	-0	0.5640034825210269	0.14200105491246923	-0	-0	0.1584318557939102	0.4931344487880729	-0	-0	-0	-0	-0	-0	0.14926673617338443	0.15503197057291712	-0	-0	0.14671147555926906	-0	0.15881809402328306	0.5091701871775548	-0	-0	0.1579999792232054	0.498204889649566	0.5984566575748487	0.7015804989217576	0.5600261415479594
GO:0032635	-0	-0	-0	-0	-0	-0	0.34056164572473785	-0	-0	-0	-0	-0	-0	-0	-0	-0	-0	-0	-0	-0	-0	-0	-0	-0	-0	-0	-0	-0	-0	-0	-0	-0	-0	-0	-0	-0	-0	-0	-0	-0	-0	-0	1	-0	-0	-0	0.3264297376388097	0.34877931653413097	-0	-0	-0	-0	-0	-0	-0	-0	-0	-0	-0	-0	-0	-0	-0	-0	-0	-0	-0	-0	-0	-0	-0	-0	-0	-0	-0	-0	-0	-0	-0	-0	-0	-0	-0	-0	-0	-0	-0	-0	-0	-0	0.8007118604907799	-0	-0	-0	-0	-0	-0	-0	-0	-0	-0	-0	-0	-0	-0	-0
GO:0034341	-0	-0	0.6255783117492241	0.6181173633498239	0.5577816632064316	0.6589565136215196	0.6380813697872135	0.5751730334412275	0.6489205598563985	-0	-0	-0	-0	-0	-0	-0	-0	-0	0.20360610175239088	0.194453676155926	-0	-0	-0	-0	-0	-0	-0	0.1919091069476609	0.4481748900774914	0.6203883261625112	-0	-0	-0	-0	0.8068033292563745	-0	-0	0.5867512787996717	-0	-0	-0	-0	-0	1	0.7325611792737757	0.1779967271596217	0.5727783374466777	0.6219176103377121	-0	0.5499767333931103	0.6328186355292434	-0	-0	-0	0.581112155014333	0.5531693938689667	-0	-0	-0	-0	-0	-0	-0	-0	-0	-0	-0	0.6064140419988256	-0	-0	-0	-0	-0	-0	0.5757791819090011	-0	-0	-0	0.47881429996506225	-0	0.17648831473792403	0.6962286960476344	-0	-0	-0	0.5452303800790825	0.5431515985262095	0.5782889091281819	0.5649210066799903	0.5752159896881349	-0	0.1844395420792664	0.1906832368091664	0.5847987181508918	0.5722334889819278	0.181653748558681	0.6489852458794129	-0	-0	-0	0.5673710354643889	-0	-0	-0	-0	-0
GO:0034612	-0	-0	0.2070250181770561	0.20443130898128758	0.5525255344613993	-0	0.19941628868147834	0.17888749052244696	0.20297357371482777	-0	-0	-0	-0	-0	-0	-0	-0	-0	0.214383629806027	0.20426071175981345	-0	-0	-0	-0	-0	-0	-0	0.20145485749840755	0.19918315785267454	0.22691270958337073	-0	-0	-0	-0	0.8515453505231348	-0	-0	0.3806026137921102	-0	-0	-0	-0	-0	0.7325611792737757	1	0.18617910851143904	-0	-0	-0	0.2471885082432181	0.2194991818005013	-0	-0	-0	-0	-0	-0	-0	-0	-0	-0	-0	-0	-0	-0	-0	-0	-0	-0	-0	-0	-0	-0	-0	-0	-0	-0	-0	0.4198431494187772	-0	0.18452946992082575	0.7292957686894004	-0	-0	-0	0.20076016850144815	0.5373273915268827	0.6102831268963937	0.365791747667226	-0	-0	0.19323962945993226	0.20010443141975676	-0	-0	0.1901838614408905	0.22541882901631083	-0	-0	-0	-0	-0	-0	-0	-0	-0
GO:0038061	0.13388396926323992	0.1388294326529296	0.2669327280500018	0.26386593827505656	0.18615318030824313	0.14207188089867484	0.1832437679299444	0.16576375632794638	0.1862431238052279	0.005746782384447228	0.0054285247080583954	0.13927219490217488	0.14380211394382253	0.14027499197512208	0.1391594521180108	0.13661260328276673	0.13065030548549864	0.12833060451648554	0.27559851356647586	0.263663998588436	0.1297804523489679	0.1265081154667579	0.14476658730331862	0.13018596694353676	0.14005306025552333	-0	0.0050860551708311694	0.3555267420133175	0.18304689860453527	0.20620440107213858	0.13115353186170167	-0	-0	-0	0.28754543649347986	0.14967848857829621	0.14476685921332305	0.20297806651781036	0.13459671362410391	0.14154668456391126	0.13805361349604003	0.14337291036503957	-0	0.1779967271596217	0.18617910851143904	1	0.005199191105490533	0.0056287768085281475	0.14226631521665292	0.22281284835942813	0.20006395430495572	0.14459778356633396	0.1517755872214612	0.13302001503841124	-0	-0	0.14227294084769398	0.13896255911964245	0.14116191107915	0.1355113630494568	0.12712556186818022	0.144238496975553	0.131076284984347	0.14487151495053815	0.12968905721103297	0.14758881623477474	0.14600211636354385	0.005493512130398137	0.15034545470469798	0.14639158525071438	0.14039183129238797	-0	0.15007026660120465	0.14097571469494585	-0	0.13462492002490223	0.1458130710934374	-0	0.22209848046884406	0.12980540665370824	0.3279121238360463	0.1772655490579473	0.005385068485330258	0.14463535539157182	0.13921805068468315	0.20991069493789416	0.20657041451868777	0.2320870814229491	0.19568017783213187	0.005220560778382372	-0	0.25055857330227765	0.3533374060726642	0.005304507701688468	0.005194413844945061	0.24690400788426137	0.20497000336835552	0.14493216001219741	0.14303809432516765	0.0056561006728308195	0.005151765869543991	0.1331050850271177	0.12953245189380266	0.1479338618012222	0.13958113569785063	0.13988510994416453
GO:0042098	-0	-0	0.6107980250105202	0.603683460676132	-0	0.6425775707075755	0.7877584087366781	0.5329327950734599	0.5996793095209485	0.005828484017846047	0.0055013702656651195	-0	-0	-0	-0	-0	-0	-0	0.005928971902216844	0.005668673680559325	-0	-0	-0	-0	-0	-0	0.005149945343834036	0.005596203626969952	-0	-0	-0	-0	-0	-0	0.006189867492390933	-0	-0	0.5737296623133081	-0	-0	-0	-0	0.3264297376388097	0.5727783374466777	-0	0.005199191105490533	1	0.8644160168030974	-0	-0	-0	-0	-0	-0	-0	-0	-0	-0	-0	-0	-0	-0	-0	-0	-0	-0	-0	0.5925153976592161	-0	-0	-0	-0	-0	-0	-0	-0	-0	-0	0.005906788377504992	-0	0.005156066266194472	-0	0.7589064700377536	-0	-0	0.005578239468428858	0.005488285382586944	0.006176440989268576	0.5528403372881204	0.5626958770900627	0.3264297376388097	0.005383212360513035	0.005561274694434183	0.5718626674408499	0.5598414750888127	0.005303678814863472	-0	-0	-0	0.005735226466594144	0.5551864826047905	-0	-0	-0	-0	-0
GO:0042110	-0	-0	0.6669973387197975	0.6585224097084771	-0	0.7050762650367606	0.8575390738678855	0.5752207073561472	0.6537606066686276	0.006373807999069835	0.005984663386843586	-0	-0	-0	-0	-0	-0	-0	0.006494173369311347	0.006183183415856791	-0	-0	-0	-0	-0	-0	0.005571102074281853	0.006097060983945268	-0	-0	-0	-0	-0	-0	0.006808500104003621	-0	-0	0.6230393272709742	-0	-0	-0	-0	0.34877931653413097	0.6219176103377121	-0	0.0056287768085281475	0.8644160168030974	1	-0	-0	-0	-0	-0	-0	-0	-0	-0	-0	-0	-0	-0	-0	-0	-0	-0	-0	-0	0.6452554569610895	-0	-0	-0	-0	-0	-0	-0	-0	-0	-0	0.006467568284418512	-0	0.005578265752616975	-0	0.0059318903884695105	-0	-0	0.006075743488175169	0.005969181752158656	0.00679225924594638	0.5984818459511461	0.6100488952384755	0.3487793165341309	0.005845096683061218	0.006055623169776322	0.6208382362962286	0.6066952925827495	0.005751448246550617	-0	-0	-0	0.006262450086734186	0.6012323330394588	-0	-0	-0	-0	-0
GO:0042129	0.643274779131761	0.6689548848339304	0.7255393328513348	0.7165579415460896	-0	0.7658205328313639	-0	-0	-0	-0	-0	0.7495064779253025	0.7110878375160172	0.6923412382326197	0.6864268384756592	0.7340579098937061	0.6995980030813796	0.6862551633863482	0.75100563518853	0.7159671090266416	0.6945904411184878	0.6757973435818766	0.15699738295595028	0.13999365116008394	0.15146896173123758	-0	-0	0.1538017335625144	-0	-0	0.1411131191555855	-0	-0	-0	0.1712410737118933	0.161691718346563	0.1559750886199311	-0	0.1451070581977856	0.15321752422130885	0.14913299395209803	0.15535959687952974	-0	-0	-0	0.14226631521665292	-0	-0	1	-0	-0	0.1557788366760987	0.16527459961820648	0.14327617871872256	-0	-0	0.7669941783662924	0.747705461757654	0.8801077099185174	0.14617069497521065	0.13646101593052537	0.15536191812923378	0.7020521175013288	0.7821875981323076	0.1394192160539658	0.9233453728640498	0.8848946557045434	-0	0.16247032103826675	0.1578627750261322	0.15090823883152485	-0	0.9196403489741509	0.15296854699472132	-0	0.14513984227339896	0.15822891573884365	-0	-0	0.13955368814156446	0.14101936482301108	-0	-0	0.7417218883526324	0.9422213958532892	-0	-0	-0	-0	-0	-0	0.14760059775641338	0.1527827943917514	-0	-0	0.1452924798552883	-0	0.7171089759561273	0.15397012375944688	-0	-0	0.1433748774989027	0.13923824639597582	0.1596577077261431	0.14997194487415752	0.15032291794459104
GO:0042330	-0	-0	0.253341981040402	0.2494687416532676	0.5834355947459188	-0	0.24204078524920936	0.21244929894714068	0.2473013649411689	-0	-0	-0	-0	-0	-0	-0	-0	-0	0.2644498812560533	0.24921474407719504	-0	-0	-0	-0	-0	-0	-0	0.2450505407872793	0.5705805689461182	0.6699212667363075	-0	-0	-0	-0	0.2801713072488142	-0	-0	0.7304043870427928	-0	-0	-0	-0	-0	0.5499767333931103	0.2471885082432181	0.22281284835942813	-0	-0	-0	1	0.6427713490653297	-0	-0	-0	-0	-0	-0	-0	-0	-0	-0	-0	-0	-0	-0	-0	-0	-0	-0	-0	-0	-0	-0	-0	-0	-0	-0	-0	0.8232088884432394	-0	0.22045426697335382	0.23171868969909595	-0	-0	-0	0.24402341816034753	0.5640013015180723	0.2793508879082523	0.696393915293965	-0	-0	0.23300129974677947	0.2430552917390525	-0	-0	0.22857303214575178	0.6644146496117677	-0	-0	-0	-0	-0	-0	-0	-0	-0
GO:0042742	-0	-0	0.22433778694923978	0.22129532115704498	0.8737476355412945	-0	0.21543064060609535	0.1916687152014813	0.21958816630511607	-0	-0	-0	-0	-0	-0	-0	-0	-0	0.2330043705309044	0.22109543086500563	-0	-0	-0	-0	-0	-0	-0	0.21781173022471592	0.507929732629801	0.7156837259901702	-0	-0	-0	-0	0.24512357321840306	-0	-0	0.49248002699207966	-0	-0	-0	-0	-0	0.6328186355292434	0.2194991818005013	0.20006395430495572	-0	-0	-0	0.6427713490653297	1	-0	-0	-0	0.6681058327094744	0.6314346522250569	-0	-0	-0	-0	-0	-0	-0	-0	-0	-0	-0	-0	-0	-0	-0	-0	-0	-0	0.6610663011904845	-0	-0	-0	0.547646088118537	-0	0.19816034540709554	0.20721490014138402	-0	-0	-0	0.6185476762252491	0.8478059187921116	0.24449534440684478	0.4718875221177864	-0	-0	0.20823998622425502	0.21623396801737482	-0	-0	0.20469574345064928	0.7479568014632689	-0	-0	-0	-0	-0	-0	-0	-0	-0
GO:0043123	0.14688287990326768	0.4977671641707153	0.6854107169117696	0.6767733163111748	-0	0.7241971399116335	-0	-0	-0	-0	-0	0.15339363395453995	0.15762212204602571	0.4912861018964998	0.5157906162845386	0.1501735982197459	0.1429999206912279	0.4566348985138847	0.5652324648594531	0.5383868843149872	0.5220318566812683	0.637622806340976	0.5886911920358064	0.5238165915343495	0.7128565331241642	-0	-0	0.15653024194334608	-0	-0	0.46763311018057974	-0	-0	-0	0.17463024254877788	0.16471009759168828	0.508541029379383	-0	0.543296832548175	0.7212436667949763	0.5586517438953875	0.7315233138867534	-0	-0	-0	0.14459778356633396	-0	-0	0.1557788366760987	-0	-0	1	0.16870045894027652	0.47492969995037665	-0	-0	0.5774981841065266	0.7067445706370771	0.15445565136179398	0.5473520376443965	0.6410203417765317	0.158146565090925	0.5277386989593469	0.7399793154645504	0.14184916168984557	0.16218317820302475	0.5133042985858541	-0	0.1655181133629952	0.16073862203719688	0.15353417284924628	-0	0.16518464096739555	0.15599860795352558	-0	0.1477751738961287	0.16136613885956386	-0	-0	0.5221416543632738	0.14330981309903565	-0	-0	0.15862377338109143	0.4872410087124012	-0	-0	-0	-0	-0	-0	0.15011172392466438	0.15547495328665914	-0	-0	0.14772503698538134	-0	0.1589808360766105	0.5018879457346267	-0	-0	0.1459459375364223	0.4613118455345881	0.603207157572536	0.7114503649859933	0.5673278600720886
GO:0043269	0.16951265796665022	0.17751918727119131	0.17153527064214258	0.16904150646422644	-0	0.18285544215275906	-0	-0	-0	-0	-0	0.17824376379892198	0.16752801812542317	0.16237153449554764	0.16075439965296587	0.17391064809206475	0.1643620380325408	0.16070752870424596	0.17866600648277034	0.16887783865302447	0.16298773450377682	0.15785963601295483	0.1873437441803538	0.16362783052549165	0.1795247896727909	-0	-0	0.1661922255588523	-0	-0	0.16515925661574415	-0	-0	-0	0.18870543023091185	0.17626835053284398	0.16895003686384427	-0	0.17065684388266728	0.18198636049294367	0.17625266692839253	0.18501631805216312	-0	-0	-0	0.1517755872214612	-0	-0	0.16527459961820648	-0	-0	0.16870045894027652	1	0.7658042496885318	-0	-0	0.1831886395167516	0.17773691211365994	0.16366193686511069	0.17212991789295223	0.15882220153332618	0.16817061751520657	0.1650367779423197	0.18751950587942495	0.1628436105651193	0.17313856305719758	0.17077814124240806	-0	0.17727239019568897	0.171356252044496	0.16254128921476652	-0	0.17685782635009506	0.18278033125712928	-0	0.7775198283196296	0.18910004351301732	-0	-0	0.16302709477851657	0.15023908030321861	-0	-0	0.1687559065436686	0.160839183829326	-0	-0	-0	-0	-0	-0	0.15839644899767358	0.16490387077444946	-0	-0	0.15552206013904535	-0	0.169194192143459	0.1664054213529793	-0	-0	0.16826599750544155	0.16259677528390598	0.1736536903681413	0.16136492063115104	0.16180559987270313
GO:0043270	0.14645029568995355	0.49624175261762715	0.48181338450814803	0.4757595131585118	-0	0.5089928212550653	-0	-0	-0	-0	-0	0.1529219117827827	0.14496658142735774	0.4594476878675874	0.13986678429819455	0.14972144375099547	0.14258987361928693	0.4553508461568892	0.15323260140881598	0.14597621998253826	0.14155440180074708	0.4483136020593866	0.1595717749794723	0.14203696900940385	0.5010468813738501	-0	-0	0.1439652761156776	-0	-0	0.46628655043633976	-0	-0	-0	0.16055860661055646	0.15146560449602978	0.4755370002646519	-0	0.14730354156194042	0.5069235082150202	0.1514540239061446	0.5141255820294208	-0	-0	-0	0.13302001503841124	-0	-0	0.14327617871872256	-0	-0	0.47492969995037665	0.7658042496885318	1	-0	-0	0.15654732803664403	0.4967641329742173	0.1420626677366744	0.14839974418497978	0.4506957659461799	0.14544750594194605	0.1430974187067827	0.5200495009107364	0.14144567827253604	0.14914884676406004	0.4799779335777122	-0	0.15220637262130626	0.14782433578330598	0.14121753235777762	-0	0.15190065636885025	0.15549449676761784	-0	0.7373380683194326	0.16084419111801965	-0	-0	0.1415840898212188	0.13183831211837502	-0	-0	0.14588510715704125	0.45567538722145895	-0	-0	-0	-0	-0	-0	0.13807837605050585	0.1429974884445601	-0	-0	0.13588901146339455	-0	0.14621252950435604	0.46933372948280333	-0	-0	0.1455188464688031	0.46000139317122946	0.14953095619797788	0.4569706847946671	0.1406618811584921
GO:0044403	-0	-0	-0	-0	0.6128092690504652	-0	-0	-0	-0	-0	-0	-0	-0	-0	-0	-0	-0	-0	-0	-0	-0	-0	-0	-0	-0	-0	-0	-0	-0	0.6930255594525888	-0	-0	-0	-0	-0	-0	-0	-0	-0	-0	-0	-0	-0	0.581112155014333	-0	-0	-0	-0	-0	-0	0.6681058327094744	-0	-0	-0	1	0.6377892889922828	-0	-0	-0	-0	-0	-0	-0	-0	-0	-0	-0	-0	-0	-0	-0	-0	-0	-0	0.668034637427781	-0	-0	-0	-0	-0	-0	-0	-0	-0	-0	-0	0.594444196062713	-0	-0	-0	-0	-0	-0	-0	-0	-0	0.6879903903643009	-0	-0	-0	-0	-0	-0	-0	-0	-0
GO:0044409	-0	-0	-0	-0	0.5818163513012798	-0	-0	-0	-0	-0	-0	-0	-0	-0	-0	-0	-0	-0	-0	-0	-0	-0	-0	-0	-0	-0	-0	-0	-0	0.6536483755450783	-0	-0	-0	-0	-0	-0	-0	-0	-0	-0	-0	-0	-0	0.5531693938689667	-0	-0	-0	-0	-0	-0	0.6314346522250569	-0	-0	-0	0.6377892889922828	1	-0	-0	-0	-0	-0	-0	-0	-0	-0	-0	-0	-0	-0	-0	-0	-0	-0	-0	0.9339107990508527	-0	-0	-0	-0	-0	-0	-0	-0	-0	-0	-0	0.5652368066550512	-0	-0	-0	-0	-0	-0	-0	-0	-0	0.6491672898449321	-0	-0	-0	-0	-0	-0	-0	-0	-0
GO:0045088	0.15774530165191236	0.16465614816364746	0.9010035327792403	0.888811768802072	-0	0.8966651915596273	-0	-0	-0	-0	-0	0.8228029116736733	0.7767336461582395	0.754420308663183	0.7474030984923451	0.8042225324818504	0.7630448844869037	0.7471995729548765	0.8776190351167571	0.8328649452973214	0.8057604566111505	0.7820555003091253	0.6364573497843959	0.8622589342918531	0.9398964893500886	-0	-0	0.15486595343368403	-0	-0	0.1539686036489284	-0	-0	-0	0.17423627078767526	0.16357946549220426	0.15725796991977406	-0	0.851917138865298	0.9042803773941354	0.807395541460071	0.8445183980281425	-0	-0	-0	0.14227294084769398	-0	-0	0.7669941783662924	-0	-0	0.5774981841065266	0.1831886395167516	0.15654732803664403	-0	-0	1	0.9312151360596185	0.7600130500609189	0.85875290626425	0.7966981338372662	0.1565824804140279	0.8152043976402632	0.9177928024771593	0.15195421412022783	0.800904924243285	0.15884061907990463	-0	0.1644437997295862	0.1593406155161581	0.1516909408370133	-0	0.816867169725075	0.168752773348168	-0	0.15877491373217154	0.17457263548443347	-0	-0	0.5593770938086123	0.14092195546091274	-0	-0	0.15708976578986847	0.15020745968979282	-0	-0	-0	-0	-0	-0	0.1480748478312953	0.15374663030531008	-0	-0	0.14555988780667448	-0	0.7839234322230387	0.1550510639786192	-0	-0	0.15666516535108818	0.1517392651793236	0.5932503911160594	0.5540520004466681	0.5554645092886599
GO:0045089	0.15368602386925212	0.5218050855291857	0.9502404469210043	0.9377124851536294	-0	0.9280313612541055	-0	-0	-0	-0	-0	0.8006456106096139	0.7569582693400061	0.7966187657745479	0.729075395106035	0.7830417563274286	0.7439518213653558	0.78918105888867	0.8539350842155549	0.8115055315442978	0.7857519498519253	0.8122734756253348	0.6185325527469708	0.8407709814818979	0.9144219525701938	-0	-0	0.1509516738041073	-0	-0	0.4887868482883858	-0	-0	-0	0.16929718832968232	0.15921852319506077	0.49896132412531946	-0	0.8298605848179095	0.8794685589781575	0.7858725319972504	0.8209995221630113	-0	-0	-0	0.13896255911964245	-0	-0	0.747705461757654	-0	-0	0.7067445706370771	0.17773691211365994	0.4967641329742173	-0	-0	0.9312151360596185	1	0.7410695284594346	0.8363456243533378	0.8640711958324412	0.15258206923008003	0.7947300805083528	0.9073804993114274	0.1481839491115026	0.7798962565583923	0.503852792154293	-0	0.16003727101522422	0.15519989537611825	0.14793356758024856	-0	0.7950241599393655	0.16396491637130525	-0	0.15466316338037803	0.1696147360495866	-0	-0	0.5454836847239912	0.137673426473357	-0	-0	0.15306372532619045	0.4771397001377975	-0	-0	-0	-0	-0	-0	0.14449236467113724	0.14988802369902776	-0	-0	0.1420966406446134	-0	0.7637850078960516	0.4921362573569923	-0	-0	0.15266058216366313	0.4818849745528886	0.5776468621507097	0.6787570900232107	0.5417623960490515
GO:0045619	0.6377886045314752	0.6630239603007939	0.7192893747040148	0.7104611109646128	-0	0.7588606561270024	-0	-0	-0	-0	-0	0.7428386804021233	0.7050833463484164	0.686647902417239	0.6808299658820761	0.7276609753065928	0.6937851935710194	0.680661078586492	0.7443112563525547	0.7098802857898775	0.6888602065189496	0.6703717818622181	0.15554149339334758	0.13883488262756422	0.15011335803667014	-0	-0	0.15251178307275468	-0	-0	0.13993582212053887	-0	-0	-0	0.16964352670019414	0.1602666381143351	0.15464858147259414	-0	0.14386246963956373	0.15183058490142318	0.14781869891746707	0.15393378643103806	-0	-0	-0	0.14116191107915	-0	-0	0.8801077099185174	-0	-0	0.15445565136179398	0.16366193686511069	0.1420626677366744	-0	-0	0.7600130500609189	0.7410695284594346	1	0.14490787323643517	0.13535976082815399	0.15404577602903075	0.696198625651344	0.7749284603463229	0.13826989851150945	0.9153289414560095	0.8773003347278333	-0	0.16103154429552335	0.15650410535901677	0.14966617185899458	-0	0.9115123200144636	0.15154030627447396	-0	0.14389469368407476	0.1567502033209357	-0	-0	0.13840216161510713	0.13993416199196668	-0	-0	0.15449852144449921	0.14833292443845209	-0	-0	-0	-0	-0	-0	0.14641216750319938	0.15150980844094292	-0	-0	0.1441407823559293	-0	0.9349766052551485	0.1526773589836339	-0	-0	0.14215970112636586	0.13809189833697405	0.15826810167862812	0.14874517998521153	0.14909042803759226
GO:0050727	0.1494758359400516	0.15566688267320128	0.810649265984828	0.8002537390837303	-0	0.5874762651527493	-0	-0	-0	-0	-0	0.15622377080292227	0.14793050728277227	0.14389534695779485	0.704020986601565	0.15288511168260135	0.14545644893003074	0.14258696277676558	0.5756827395358914	0.5478597474706888	0.5309331736704977	0.5160822476359432	0.6000356031620048	0.5327793991213132	0.5781058441344801	-0	-0	0.14688798609321682	-0	-0	0.146080468356246	-0	-0	-0	0.16420240891171212	0.15470420844927296	0.1490381887464182	-0	0.8069915699418034	0.8538259053226914	0.763592467813785	0.7967139674551124	-0	-0	-0	0.1355113630494568	-0	-0	0.14617069497521065	-0	-0	0.5473520376443965	0.17212991789295223	0.14839974418497978	-0	-0	0.85875290626425	0.8363456243533378	0.14490787323643517	1	0.7572729716658978	0.14843133236557646	0.5368373938199579	0.6005258465403582	0.14426597821550693	0.15228810891982372	0.15045896618811616	-0	0.15547707393815072	0.15090751300876618	0.14402865118016106	-0	0.1551580914595517	0.15902638752014767	-0	0.15040001084075405	0.16450111497787767	-0	-0	0.5310467480675226	0.13428518511182985	-0	-0	0.14888710048148085	0.1426905926212915	-0	-0	-0	-0	-0	-0	0.14076471725845421	0.14588064195588407	-0	-0	0.13849003666867066	-0	0.1492281524832482	0.14705450558231387	-0	-0	0.14850563073741693	0.14407221615431098	0.5614824781731995	0.526245072456147	0.5275191933581167
GO:0050729	0.13933731960652054	0.4712117274239659	0.8393412938778847	0.8293062150138713	-0	0.6846204140882778	-0	-0	-0	-0	-0	0.14518301298221542	0.13799356977592056	0.43791124080904476	0.6583161014931934	0.142295221119013	0.135838306546238	0.4341879171242787	0.5349192099704951	0.510814461237751	0.4960687786020197	0.6067411554704202	0.5558825783519034	0.4976801277076661	0.6744767655896277	-0	-0	0.13708597343193293	-0	-0	0.4441196596593588	-0	-0	-0	0.15204897552879548	0.14386974139206615	0.45250359030390386	-0	0.7519523244536102	0.792455711528014	0.7101193483520991	0.7386776399798995	-0	-0	-0	0.12712556186818022	-0	-0	0.13646101593052537	-0	-0	0.6410203417765317	0.15882220153332618	0.4506957659461799	-0	-0	0.7966981338372662	0.8640711958324412	0.13535976082815399	0.7572729716658978	1	0.1384292717452462	0.5012192808972703	0.698707982374699	0.13479950552383563	0.141777919228617	0.45652291673335393	-0	0.1445379109183514	0.1405805623823599	0.1345922801911423	-0	0.14426219594455203	0.1472467424414488	-0	0.1401400413077916	0.1523050660594441	-0	-0	0.4961679253342199	0.12604584200493646	-0	-0	0.13882560342317873	0.43448298262996893	-0	-0	-0	-0	-0	-0	0.13173778600278477	0.13620818440956356	-0	-0	0.12974342488976162	-0	0.1391220717994532	0.4468831458051381	-0	-0	0.1384938921010453	0.43841422483911885	0.5226373108325955	0.6179111483308143	0.49308718467814416
GO:0050730	0.22530853394865658	0.23444589898531965	0.1604392456751858	0.15842294201403967	-0	0.15633897671509284	-0	-0	-0	-0	-0	0.15295545467929791	0.15719529209198277	0.15299017558266645	0.15166419024199027	0.1497535971687915	0.2193681981861712	0.21512340537747848	0.16616056537243087	0.15829032832101977	0.14158314272970207	0.13769745584304677	0.1596082989025127	0.1420659062514111	0.15389781404548736	-0	-0	0.15610929708481358	-0	-0	0.46346375596536743	-0	-0	-0	0.17410648224153735	0.16424407376950845	0.15834883202783337	-0	0.14733466474462528	0.15570323784763124	0.15148692587167825	0.15791587968247797	-0	-0	-0	0.144238496975553	-0	-0	0.15536191812923378	-0	-0	0.158146565090925	0.16817061751520657	0.14544750594194605	-0	-0	0.1565824804140279	0.15258206923008003	0.15404577602903075	0.14843133236557646	0.1384292717452462	1	0.14312678969805015	0.15973585360451115	0.14147437506394583	0.16173132420030603	0.1598279288675421	-0	0.24238798557343583	0.23540813134459376	0.22488476066427635	-0	0.16471593179152308	0.15553033754044246	-0	0.1473684632310683	0.520620201940121	-0	-0	0.14161284280825764	0.14295689071197765	-0	-0	0.158191508821917	0.1517337958301597	-0	-0	-0	-0	-0	-0	0.1497245502553564	0.15505965758112966	-0	-0	0.14735006172607798	-0	0.15854662593245808	0.15628278091986492	-0	-0	0.47100479882009666	0.4572153818795169	0.1621457579746384	0.1521651993744631	0.15252652543884032
GO:0050777	0.44679249872099236	0.14984272244357116	0.7711997819043085	0.7616651295310548	-0	0.8139586522644904	-0	-0	-0	-0	-0	0.7485238968537694	0.7102033467607453	0.6915027413746	0.6856025977996169	0.733115391155827	0.6987418475871773	0.6854313346958986	0.7982332004096059	0.7610378907417699	0.7383431505231269	0.718389880022689	0.5765459402213309	0.6630903694370959	0.55627053896939	-0	-0	0.14169124911624853	-0	-0	0.14093971266119257	-0	-0	-0	0.157735304630922	0.14895052968513123	0.14369096381920543	-0	0.6872797991892801	0.5626835765253804	0.7063233330388348	0.570539588029834	-0	-0	-0	0.131076284984347	-0	-0	0.7020521175013288	-0	-0	0.5277386989593469	0.1650367779423197	0.1430974187067827	-0	-0	0.8152043976402632	0.7947300805083528	0.696198625651344	0.5368373938199579	0.5012192808972703	0.14312678969805015	1	0.8313307237248134	0.13924994517300063	0.730357508802517	0.14501116867597846	-0	0.14966684308990585	0.1454277767330163	0.13902882199295466	-0	0.7436082843565236	0.15275799854886807	-0	0.14495640455482345	0.15801092524589588	-0	-0	0.5125648150844243	0.1299287156059232	-0	-0	0.14355051751414935	0.13778164783764132	-0	-0	-0	-0	-0	-0	0.1359851696629262	0.14075369412164376	-0	-0	0.13386117096434222	-0	0.7162094524018453	0.14184618826181666	-0	-0	0.14319587127086955	0.13906941439948392	0.5408624668574273	0.5080901392544139	0.5092777655766934
GO:0050778	0.16094616295370343	0.5475580149073775	0.8773380620811507	0.865226269605713	-0	0.9320927010927428	-0	-0	-0	-0	-0	0.8403130456558988	0.7923192952477299	0.8327426495902336	0.7618229737213459	0.820942739353648	0.7780807099956085	0.8246185399477297	0.8963376084630462	0.849704776549782	0.8215116982718297	0.8106956182961218	0.6506549270272852	0.572313318609003	0.7849250498906871	-0	-0	0.1579498873755973	-0	-0	0.511313408625223	-0	-0	-0	0.17814966292280068	0.1670240560471431	0.5224580017112236	-0	0.5956479758176128	0.795105865325518	0.6141550022496806	0.807617050652138	-0	-0	-0	0.14487151495053815	-0	-0	0.7821875981323076	-0	-0	0.7399793154645504	0.18751950587942495	0.5200495009107364	-0	-0	0.9177928024771593	0.9073804993114274	0.7749284603463229	0.6005258465403582	0.698707982374699	0.15973585360451115	0.8313307237248134	1	0.1549221607707046	0.8174860439398336	0.5278234839317173	-0	0.1679252754296817	0.16260721660180763	0.1546485118833486	-0	0.8341229278370865	0.1725465195347686	-0	0.16201812532597634	0.17850132222889714	-0	-0	0.5703144733449838	0.14347097106682533	-0	-0	0.16026381133777884	0.49858194699594105	-0	-0	-0	-0	-0	-0	0.15089178187090385	0.15678570850054613	-0	-0	0.14828106743857122	-0	0.7998019010811624	0.5149798159106134	-0	-0	0.15982190333127425	0.5037656184445127	0.6055670953723823	0.7093547451310588	0.5662479453081929
GO:0050792	0.14242294883433929	0.1480325778187773	0.14384803480751557	0.14209020561935548	-0	0.1517248821053178	-0	-0	-0	-0	-0	0.14853609456480749	0.14101932502593803	0.13734771647607846	0.13618884188284955	0.14551476001682978	0.13876928015823328	0.13615519999081105	0.14882920144396677	0.14197454862621717	0.137788363526135	0.13410546827720124	0.1548021751504138	0.13824555355128373	0.14942462705381188	-0	-0	0.1400716276572637	-0	-0	0.13933712955844146	-0	-0	-0	0.1557307240005662	0.1471617481294453	0.14202557239420782	-0	0.14322978259191954	0.1511260432443586	0.14715081628466173	0.1532096370969949	-0	-0	-0	0.12968905721103297	-0	-0	0.1394192160539658	-0	-0	0.14184916168984557	0.1628436105651193	0.14144567827253604	-0	-0	0.15195421412022783	0.1481839491115026	0.13826989851150945	0.14426597821550693	0.13479950552383563	0.14147437506394583	0.13924994517300063	0.1549221607707046	1	0.14497382909332887	0.14331521467327857	-0	0.14786091971414247	0.14372212130179493	0.13746916017439492	-0	0.14757239397208619	0.15081509852517852	-0	0.14326172379452287	0.15599937770970823	-0	-0	0.13781649271080726	0.12856554547918725	-0	-0	0.14188836123965437	0.13624968859584682	-0	-0	-0	-0	-0	-0	0.1344926827823324	0.13915531456121794	-0	-0	0.13241469532682615	-0	0.14219806982363273	0.1402230430477531	-0	-0	0.14154187035969704	0.13750884680692177	0.14533481981218999	0.13662677312882768	0.13694256007285985
GO:0050863	0.6698337793698887	0.6977241478575847	0.7558111554639122	0.7460696957024523	-0	0.7996252914452381	-0	-0	-0	-0	-0	0.7818558916893334	0.7401415995939304	0.7198536539275373	0.7134620287740807	0.7650599371776055	0.7277018890306278	0.7132765662261902	0.7834873926442052	0.7454292153444999	0.7222854812178596	0.7019857509586437	0.16407652157733663	0.14559505022019778	0.1580478704412906	-0	-0	0.16004128666935985	-0	-0	0.14680628184056338	-0	-0	-0	0.17901157948423094	0.16860224838152854	0.16239590938934334	-0	0.15113393177374712	0.15995258091213838	0.15550627726344393	0.16228854842981508	-0	-0	-0	0.14758881623477474	-0	-0	0.9233453728640498	-0	-0	0.16218317820302475	0.17313856305719758	0.14914884676406004	-0	-0	0.800904924243285	0.7798962565583923	0.9153289414560095	0.15228810891982372	0.141777919228617	0.16173132420030603	0.730357508802517	0.8174860439398336	0.14497382909332887	1	0.9216709848340291	-0	0.16944900082753417	0.16444323047746467	0.15691064786262557	-0	0.9590607109060422	0.15991585548956577	-0	0.1511694960442076	0.1654220958387388	-0	-0	0.14511923524581877	0.14624725802599609	-0	-0	0.1622304458909045	0.1554458386644115	-0	-0	-0	-0	-0	-0	0.1533377643907112	0.15893829265381273	-0	-0	0.15084824154734983	-0	0.7466670729086383	0.16022362488589742	-0	-0	0.14925580540288072	0.14477816224328077	0.16639184794830167	0.15589863976448007	0.1562779360301832
GO:0050867	0.6618954961444876	0.8060235531713354	0.48847891745880107	0.48225746722319035	-0	0.5164373897391306	-0	-0	-0	-0	-0	0.15510947182588208	0.1592922940061816	0.4963507298767964	0.15361530158474634	0.15181776846442913	0.1444899819642828	0.46129978625939616	0.16850536764346039	0.1604168454083702	0.1434268324021671	0.4540789225429435	0.1619552079254155	0.14392227283728729	0.5082591815032362	-0	-0	0.1581772339244044	-0	-0	0.47252661901378346	-0	-0	-0	0.17668264536423814	0.16653472536513086	0.5139696296231225	-0	0.14933224576647944	0.5143072288256118	0.15359949440361204	0.5217221723000529	-0	-0	-0	0.14600211636354385	-0	-0	0.8848946557045434	-0	-0	0.5133042985858541	0.17077814124240806	0.4799779335777122	-0	-0	0.15884061907990463	0.503852792154293	0.8773003347278333	0.15045896618811616	0.45652291673335393	0.1598279288675421	0.14501116867597846	0.5278234839317173	0.14331521467327857	0.9216709848340291	1	-0	0.16736078728254525	0.16247585606031104	0.15511840062477478	-0	0.9389175061974835	0.15783359122334736	-0	0.1493669670616898	0.1632660747773069	-0	-0	0.14345731110658613	0.14468912047220076	-0	-0	0.1603153537872711	0.4922221561748288	-0	-0	-0	-0	-0	-0	0.1516257622233361	0.1570996976375753	-0	-0	0.1491910783081063	-0	0.660806201487249	0.5071746954277666	-0	-0	0.14749835955891022	0.4660732782870042	0.1643778568583523	0.49363968672940667	0.15450003154624464
GO:0050900	-0	-0	0.6491969240809056	0.6411655831023509	-0	0.6852156393544658	0.6256294682414094	0.5619330430884693	0.6366506273902419	0.0062009159161627875	0.005831985393657781	-0	-0	-0	-0	-0	-0	-0	0.006314781605144307	0.0060203461217355125	-0	-0	-0	-0	-0	-0	0.005438562513284692	0.005938670155422067	-0	-0	-0	-0	-0	-0	0.00661158575196747	-0	-0	0.7351996627989096	-0	-0	-0	-0	-0	0.6064140419988256	-0	0.005493512130398137	0.5925153976592161	0.6452554569610895	-0	-0	-0	-0	-0	-0	-0	-0	-0	-0	-0	-0	-0	-0	-0	-0	-0	-0	-0	1	-0	-0	-0	-0	-0	-0	-0	-0	-0	-0	0.8100061626805922	-0	0.005445389181713326	-0	0.005781859413300409	-0	-0	0.0059184440174770685	0.005817282633366089	0.006596269683227551	0.7069171352973813	0.7202456933761079	-0	0.005699370079007245	0.0058993503958040296	0.7326669670807003	0.7163826543419088	0.005610297431734806	-0	-0	-0	0.006095467350223703	0.7100876062062295	-0	-0	-0	-0	-0
GO:0051090	0.245341621376432	0.25577704017913583	0.16803120689446935	0.16582088046509819	-0	0.16417525271667036	-0	-0	-0	-0	-0	0.16044808440802205	0.16447638389874952	0.15987839123712866	0.15843088069616354	0.15692846240239122	0.23857862965967885	0.23375619627059263	0.17431740918674352	0.1656755978399543	0.14797973330442013	0.1437402685444475	0.16778431214280992	0.14850718505607116	0.161485342366952	-0	-0	0.16328783540363698	-0	-0	0.61203736403167	-0	-0	-0	0.1830831845185741	0.17220933110156994	0.1657396891584615	-0	0.15427424385544866	0.16347432842661663	0.15883291753666165	0.1659150772417403	-0	-0	-0	0.15034545470469798	-0	-0	0.16247032103826675	-0	-0	0.1655181133629952	0.17727239019568897	0.15220637262130626	-0	-0	0.1644437997295862	0.16003727101522422	0.16103154429552335	0.15547707393815072	0.1445379109183514	0.24238798557343583	0.14966684308990585	0.1679252754296817	0.14786091971414247	0.16944900082753417	0.16736078728254525	-0	1	0.6327891308617428	0.6032269540126698	-0	0.17272813806730267	0.6907308803910924	-0	0.15431130159454007	0.6914154698663052	-0	-0	0.1480121779547692	0.1489535500076423	-0	-0	0.16556734524104857	0.15850683748076858	-0	-0	-0	-0	-0	-0	0.15631550766792057	0.16213979799965123	-0	-0	0.1537291708235193	-0	0.1659563904679912	0.16347765075596893	-0	-0	0.6224589601609462	0.6034139551507006	0.16990398678129198	0.15897767405022145	0.1593721196008145
GO:0051091	0.2382271924154274	0.24805405205616815	0.16310763650903326	0.16102414114127336	-0	0.15908846473931335	-0	-0	-0	-0	-0	0.15558621918251841	0.15975600721744626	0.1554146637576177	0.15404650663313577	0.15227446586079169	0.2318456398628317	0.2272889566792123	0.1690243594999268	0.16088713872242694	0.14383437399825733	0.13982588584545155	0.16247503681209874	0.14433263887240008	0.15656137696373687	-0	-0	0.15863446847412802	-0	-0	0.7012260325604314	-0	-0	-0	0.17725331631672914	0.1670416308979817	0.16094757809033114	-0	0.14977408994072772	0.15843021520890324	0.15406699076339375	0.16072161019568337	-0	-0	-0	0.14639158525071438	-0	-0	0.1578627750261322	-0	-0	0.16073862203719688	0.171356252044496	0.14782433578330598	-0	-0	0.1593406155161581	0.15519989537611825	0.15650410535901677	0.15090751300876618	0.1405805623823599	0.23540813134459376	0.1454277767330163	0.16260721660180763	0.14372212130179493	0.16444323047746467	0.16247585606031104	-0	0.6327891308617428	1	0.8980956635219808	-0	0.1675297239454596	0.7885136826848681	-0	0.1498090170306355	0.6693590355592679	-0	-0	0.1438650261753008	0.14507160670034333	-0	-0	0.16078505133335635	0.15411831661967845	-0	-0	-0	-0	-0	-0	0.15204585487676692	0.15755071497040507	-0	-0	0.14959777016614764	-0	0.16115192165722614	0.15881361335401015	-0	-0	0.604525566664243	0.69162216809327	0.16487169761389145	0.1545634057439327	0.15493622490326042
GO:0051092	0.22750651489459367	0.23645221466199495	0.1556941569075043	0.1537946503537696	-0	0.15146240220957707	-0	-0	-0	-0	-0	0.1482845226126017	0.15263742169096783	0.14866954658805412	0.14741709200615058	0.14527330998060092	0.2216793780569216	0.21750995466814235	0.1610763815773843	0.15366966897821868	0.13757185423967747	0.13390036969474692	0.15452894960163102	0.1380276062359759	0.14917003890732122	-0	-0	0.15161328528361898	-0	-0	0.6703521605706028	-0	-0	-0	0.16853256908752093	0.1592747415371522	0.15372480637403274	-0	0.14299584976914628	0.1508656294313531	0.1469039109751056	0.15294199942535153	-0	-0	-0	0.14039183129238797	-0	-0	0.15090823883152485	-0	-0	0.15353417284924628	0.16254128921476652	0.14121753235777762	-0	-0	0.1516909408370133	0.14793356758024856	0.14966617185899458	0.14402865118016106	0.1345922801911423	0.22488476066427635	0.13902882199295466	0.1546485118833486	0.13746916017439492	0.15691064786262557	0.15511840062477478	-0	0.6032269540126698	0.8980956635219808	1	-0	0.15971844007340932	0.7496879364757184	-0	0.1430276867081806	0.6363702982574094	-0	-0	0.1375998950850386	0.13917738351049913	-0	-0	0.15357653286401654	0.14748285296009941	-0	-0	-0	-0	-0	-0	0.14558390710601682	0.15062304348175495	-0	-0	0.14333795082278902	-0	0.1539112103809333	0.1517769149688549	-0	-0	0.5774887912795239	0.6615700692453094	0.1573007142405321	0.14789039041847804	0.14823167726644806
GO:0051235	-0	-0	-0	-0	-0	-0	-0	-0	-0	-0	-0	-0	-0	-0	-0	-0	-0	-0	-0	-0	-0	-0	-0	-0	-0	0.2095473266811826	-0	-0	-0	-0	-0	-0	-0	-0	-0	-0	-0	-0	-0	-0	-0	-0	-0	-0	-0	-0	-0	-0	-0	-0	-0	-0	-0	-0	-0	-0	-0	-0	-0	-0	-0	-0	-0	-0	-0	-0	-0	-0	-0	-0	-0	1	-0	-0	-0	-0	-0	-0	-0	-0	-0	-0	-0	-0	-0	-0	-0	-0	-0	-0	-0	-0	-0	-0	-0	-0	-0	-0	-0	-0	-0	-0	-0	-0	-0	-0
GO:0051249	0.6822840177135042	0.7112432336489345	0.7700106075083445	0.7599021308250127	-0	0.8155360641884745	-0	-0	-0	-0	-0	0.7970606550232184	0.7537530841987123	0.7327226723658337	0.7261015258438247	0.7796123754095323	0.7408556109547082	0.7259094347667188	0.7987562974463879	0.7592376913477363	0.7352423779022368	0.7142184113243877	0.16741289128430503	0.14821613412799156	0.1611412572428115	-0	-0	0.16296328041530597	-0	-0	0.14947155686399283	-0	-0	-0	0.18267526648471777	0.17184838128637436	0.16540532424137808	-0	0.15396017284102412	0.16312172428735056	0.15850003124871295	0.16555187710469482	-0	-0	-0	0.15007026660120465	-0	-0	0.9196403489741509	-0	-0	0.16518464096739555	0.17685782635009506	0.15190065636885025	-0	-0	0.816867169725075	0.7950241599393655	0.9115123200144636	0.1551580914595517	0.14426219594455203	0.16471593179152308	0.7436082843565236	0.8341229278370865	0.14757239397208619	0.9590607109060422	0.9389175061974835	-0	0.17272813806730267	0.1675297239454596	0.15971844007340932	-0	1	0.16319159607492253	-0	0.1539970798315977	0.16881397799130723	-0	-0	0.14772306217781347	0.14868342914666136	-0	-0	0.16523367463915628	0.15820099211664104	-0	-0	-0	-0	-0	-0	0.15601805243333458	0.16181978623180218	-0	-0	0.15344146826204008	-0	0.7605218738098487	0.16315234151721106	-0	-0	0.15201159967787575	0.14736965475133382	0.16955262640026983	0.15867001075438025	0.15906292918540985
GO:0051345	0.15671617081846984	0.16377341990822336	0.1585017802396203	0.15629995449446216	-0	0.16846054281009204	-0	-0	-0	-0	-0	0.16441062504525933	0.15496223715358393	0.15039659843344289	0.1489622028963097	0.16059639575495194	0.15216049379201876	0.14892061021670408	0.1647818408372341	0.15615534582847468	0.15094284507616984	0.14639149675451	0.17239272351901544	0.15151008718907294	0.1655365886849683	-0	-0	0.1537806931151974	-0	-0	0.7918778329988317	-0	-0	-0	0.17358386412965832	0.16267284194480217	0.1562191380798723	-0	0.15772651800325793	0.16769807505485138	0.1626590377700169	0.17035483035311325	-0	-0	-0	0.14097571469494585	-0	-0	0.15296854699472132	-0	-0	0.15599860795352558	0.18278033125712928	0.15549449676761784	-0	-0	0.168752773348168	0.16396491637130525	0.15154030627447396	0.15902638752014767	0.1472467424414488	0.15553033754044246	0.15275799854886807	0.1725465195347686	0.15081509852517852	0.15991585548956577	0.15783359122334736	-0	0.6907308803910924	0.7885136826848681	0.7496879364757184	-0	0.16319159607492253	1	-0	0.1577665482946873	0.8465836107943527	-0	-0	0.15097773099679548	0.13960522112752388	-0	-0	0.15604760464063158	0.14903743667746003	-0	-0	-0	-0	-0	-0	0.14686851212606178	0.15264032159896068	-0	-0	0.1443127361179244	-0	0.15643484867420893	0.1539693261860544	-0	-0	0.7574406000659958	0.780118040082266	0.1603699357099643	0.14950387752137811	0.14989475456285917
GO:0051701	-0	-0	-0	-0	0.6068816159076696	-0	-0	-0	-0	-0	-0	-0	-0	-0	-0	-0	-0	-0	-0	-0	-0	-0	-0	-0	-0	-0	-0	-0	-0	0.6854540740438624	-0	-0	-0	-0	-0	-0	-0	-0	-0	-0	-0	-0	-0	0.5757791819090011	-0	-0	-0	-0	-0	-0	0.6610663011904845	-0	-0	-0	0.668034637427781	0.9339107990508527	-0	-0	-0	-0	-0	-0	-0	-0	-0	-0	-0	-0	-0	-0	-0	-0	-0	-0	1	-0	-0	-0	-0	-0	-0	-0	-0	-0	-0	-0	0.5888648894688842	-0	-0	-0	-0	-0	-0	-0	-0	-0	0.6805279340042544	-0	-0	-0	-0	-0	-0	-0	-0	-0
GO:0051924	0.14839800977488474	0.15449827290466017	0.14994582679715646	0.14803679720975413	-0	0.15852454877586314	-0	-0	-0	-0	-0	0.15504681643641754	0.14687477303562532	0.14289622806629865	0.14164225826124222	0.1517577436638415	0.1444356107189232	0.14160586853839002	0.1553662093544262	0.14791126124087883	0.1433732581862798	0.139390074429957	0.16188690113341422	0.14386832792807333	0.15601520333601976	-0	-0	0.1458470273597968	-0	-0	0.14505088340620173	-0	-0	-0	0.162902666257686	0.153549954220683	0.14796664220870145	-0	0.14927416992344208	0.15787094794222573	0.15353805272447577	0.16014607782704576	-0	-0	-0	0.13462492002490223	-0	-0	0.14513984227339896	-0	-0	0.1477751738961287	0.7775198283196296	0.7373380683194326	-0	-0	0.15877491373217154	0.15466316338037803	0.14389469368407476	0.15040001084075405	0.1401400413077916	0.1473684632310683	0.14495640455482345	0.16201812532597634	0.14326172379452287	0.1511694960442076	0.1493669670616898	-0	0.15431130159454007	0.1498090170306355	0.1430276867081806	-0	0.1539970798315977	0.1577665482946873	-0	1	0.16319665799576744	-0	-0	0.14340371412311667	0.13341465998561142	-0	-0	0.1478177176203111	0.14170807669190566	-0	-0	-0	-0	-0	-0	0.1398084552445458	0.14485386195966718	-0	-0	0.13756432866588378	-0	0.14815388246777703	0.14601119372829535	-0	-0	0.14744170109648141	0.14307064816399473	0.15156204277548088	0.1421160249139827	0.1424577280637341
GO:0052547	0.24934665933153027	0.26058639195333944	0.16395792608129356	0.16167814922260365	-0	0.1742700180299475	-0	-0	-0	-0	-0	0.17007626208278692	0.16029310245618988	0.1555660971636487	0.1540810587698947	0.16612675361602552	0.24209156772970683	0.23693217172885367	0.17046065352516168	0.1615284231129716	0.15613163641087657	0.1514196557064919	0.17834205229708652	0.15671891661883308	0.17124219515029862	-0	-0	0.1590697731934314	-0	-0	0.7953984273645438	-0	-0	-0	0.17957559580287819	0.16827682243038813	0.16159447282640935	-0	0.16315521034054498	0.17348045449555097	0.16826252863513905	0.17623165435797308	-0	-0	-0	0.1458130710934374	-0	-0	0.15822891573884365	-0	-0	0.16136613885956386	0.18910004351301732	0.16084419111801965	-0	-0	0.17457263548443347	0.1696147360495866	0.1567502033209357	0.16450111497787767	0.1523050660594441	0.520620201940121	0.15801092524589588	0.17850132222889714	0.15599937770970823	0.1654220958387388	0.1632660747773069	-0	0.6914154698663052	0.6693590355592679	0.6363702982574094	-0	0.16881397799130723	0.8465836107943527	-0	0.16319665799576744	1	-0	-0	0.15616775457658807	0.14439435222184754	-0	-0	0.16141686932658045	0.1541589481180682	-0	-0	-0	-0	-0	-0	0.1519134943624602	0.15788908912786329	-0	-0	0.14926761507414907	-0	0.16181781730414194	0.1592650760849464	-0	-0	0.8097114584151411	0.7835755732607925	0.16589226745973742	0.15464185475895506	0.1550465322268441
GO:0055080	-0	-0	-0	-0	-0	-0	-0	-0	-0	-0	-0	-0	-0	-0	-0	-0	-0	-0	-0	-0	-0	-0	-0	-0	-0	-0	-0	-0	-0	-0	-0	-0	-0	-0	-0	-0	-0	-0	-0	-0	-0	-0	-0	-0	-0	-0	-0	-0	-0	-0	-0	-0	-0	-0	-0	-0	-0	-0	-0	-0	-0	-0	-0	-0	-0	-0	-0	-0	-0	-0	-0	-0	-0	-0	-0	-0	-0	1	-0	-0	-0	-0	-0	-0	-0	-0	-0	-0	-0	-0	-0	-0	-0	-0	-0	-0	-0	-0	-0	-0	-0	-0	-0	-0	-0	-0
GO:0060326	-0	-0	0.2482957631997937	0.2450208658074293	0.5039766650525601	-0	0.20966638888026895	0.18709241956065445	0.2136023738159861	0.006623852613113196	0.006204581021191448	-0	-0	-0	-0	-0	-0	-0	0.25761090033758294	0.24480561815128876	-0	-0	-0	-0	-0	-0	0.005761193009674273	0.24126810473580804	0.49435582188980726	0.5672322409765789	-0	-0	-0	-0	0.5738890674534077	-0	-0	0.7811158617971762	-0	-0	-0	-0	-0	0.47881429996506225	0.4198431494187772	0.22209848046884406	0.005906788377504992	0.006467568284418512	-0	0.8232088884432394	0.547646088118537	-0	-0	-0	-0	-0	-0	-0	-0	-0	-0	-0	-0	-0	-0	-0	-0	0.8100061626805922	-0	-0	-0	-0	-0	-0	-0	-0	-0	-0	1	-0	0.22003733629758523	0.39695194423294156	0.006147876651162774	-0	-0	0.24039305802390243	0.4894093857945718	0.5724627469244461	0.7492668201943217	0.7642571082225142	-0	0.23094003638654836	0.23956736362478756	0.7782575480117752	0.7599089592399253	0.2271095022493359	0.5632794239497108	-0	-0	0.006503668548854729	0.7528294972720567	-0	-0	-0	-0	-0
GO:0060759	0.14256328055363734	0.14818418764772398	0.5295067566613886	0.5230298005861576	-0	0.5585319856929893	-0	-0	-0	-0	-0	0.1486887380483004	0.1411569030111744	0.13747822039012292	0.5012865910126525	0.14566125382995376	0.13890250082179467	0.1362834464940569	0.5478613851705044	0.5226036524938992	0.5071797541587696	0.49361095386366766	0.5698722975644012	0.508864216356492	0.5500554971783573	-0	-0	0.14020736182519347	-0	-0	0.13947144326887748	-0	-0	-0	0.15589852111581093	0.147311578555208	0.14216512173897308	-0	0.5272287059605041	0.5563252258484432	0.5416767215627681	0.5640034825210269	-0	-0	-0	0.12980540665370824	-0	-0	0.13955368814156446	-0	-0	0.5221416543632738	0.16302709477851657	0.1415840898212188	-0	-0	0.5593770938086123	0.5454836847239912	0.13840216161510713	0.5310467480675226	0.4961679253342199	0.14161284280825764	0.5125648150844243	0.5703144733449838	0.13781649271080726	0.14511923524581877	0.14345731110658613	-0	0.1480121779547692	0.1438650261753008	0.1375998950850386	-0	0.14772306217781347	0.15097773099679548	-0	0.14340371412311667	0.15616775457658807	-0	-0	1	0.12867988686705065	-0	-0	0.14202764094472267	0.13637811324510327	-0	-0	-0	-0	-0	-0	0.13461781507053758	0.13928927781153302	-0	-0	0.13253598901475827	-0	0.14233795852103703	0.14035907097010242	-0	-0	0.1416804703219991	0.13763965724935517	0.5349851372680926	0.5029000606091764	0.5040635201580433
GO:0070371	0.13268693543189403	0.13754275737290708	0.264523895173361	0.26151189353234255	0.18450399912391902	0.14072469315726005	0.1816455131383761	0.16445479071965488	0.1845923556347045	0.0056941411339368345	0.0053815287291356945	0.13797733774126256	0.14252821651682696	0.13906255604097878	0.13796614132813284	0.13536650679763995	0.1295101504250349	0.1272304065527236	0.2730314918144497	0.2613135395748094	0.12865536339403796	0.12543881437896529	0.14336806166636598	0.12905386671940236	0.13874371074441771	-0	0.00504477928001997	0.35239698418722115	0.1814520612178696	0.20418273660672118	0.13000461542390698	-0	-0	-0	0.28475216308388823	0.14829884942788626	0.1434758884282193	0.20125515675160932	0.13338695839660678	0.1402093918183259	0.13678121276341085	0.14200105491246923	-0	0.17648831473792403	0.18452946992082575	0.3279121238360463	0.005156066266194472	0.005578265752616975	0.14101936482301108	0.22045426697335382	0.19816034540709554	0.14330981309903565	0.15023908030321861	0.13183831211837502	-0	-0	0.14092195546091274	0.137673426473357	0.13993416199196668	0.13428518511182985	0.12604584200493646	0.14295689071197765	0.1299287156059232	0.14347097106682533	0.12856554547918725	0.14624725802599609	0.14468912047220076	0.005445389181713326	0.1489535500076423	0.14507160670034333	0.13917738351049913	-0	0.14868342914666136	0.13960522112752388	-0	0.13341465998561142	0.14439435222184754	-0	0.22003733629758523	0.12867988686705065	1	0.17576945166848276	0.005338818710457247	0.1433467184955348	0.13802373901475998	0.20806861889123623	0.20478624828792893	0.2298373125361204	0.19407844329957077	0.005177082190100011	-0	0.24843502556648375	0.35024590811033285	0.005259625605342948	0.005151367891417476	0.24484170018983833	0.20297235371962058	0.14363825255121662	0.14177763803005503	0.005605100254993067	0.005109420978205695	0.13192187688239665	0.12841164017975595	0.1465860520866018	0.13838061316029615	0.13867937539672065
GO:0070555	-0	-0	0.196062430196325	0.19373459303411977	0.5238248128452963	-0	0.1892248682107493	0.1706429908506485	0.19242492791717153	-0	-0	-0	-0	-0	-0	-0	-0	-0	0.20264995595261454	0.193581374801717	-0	-0	-0	-0	-0	-0	-0	0.19105943575488574	0.189014944826025	0.21380938596711332	-0	-0	-0	-0	0.8028442954565337	-0	-0	0.36169412275869744	-0	-0	-0	-0	-0	0.6962286960476344	0.7292957686894004	0.1772655490579473	-0	-0	-0	0.23171868969909595	0.20721490014138402	-0	-0	-0	-0	-0	-0	-0	-0	-0	-0	-0	-0	-0	-0	-0	-0	-0	-0	-0	-0	-0	-0	-0	-0	-0	-0	-0	0.39695194423294156	-0	0.17576945166848276	1	-0	-0	-0	0.19043448010225023	0.5101450387723011	0.5754574946393032	0.3482924116847165	-0	-0	0.18365459090533104	0.18984436222066883	-0	-0	0.18089228132685548	0.21248255101111857	-0	-0	-0	-0	-0	-0	-0	-0	-0
GO:0070661	-0	-0	0.005967332028632939	0.005895104321196942	-0	-0	0.00575527340527554	-0	-0	0.0060630956605772935	0.0057099154089588905	-0	-0	-0	-0	-0	-0	-0	0.006171911677136395	0.005890351477859948	-0	-0	-0	-0	-0	-0	0.005332256472651692	0.005812141705700297	-0	-0	-0	-0	-0	-0	0.006455136372479764	-0	-0	0.005591739995831091	-0	-0	-0	-0	-0	-0	-0	0.005385068485330258	0.7589064700377536	0.0059318903884695105	-0	-0	-0	-0	-0	-0	-0	-0	-0	-0	-0	-0	-0	-0	-0	-0	-0	-0	-0	0.005781859413300409	-0	-0	-0	-0	-0	-0	-0	-0	-0	-0	0.006147876651162774	-0	0.005338818710457247	-0	1	-0	-0	0.005792766850745809	0.005695820953944135	0.006440535773018396	0.005380873372068899	0.00548028882658043	-0	0.005582733034423104	0.005774474265970306	0.005572870481694955	0.005451482681608608	0.0054972414649936	-0	-0	-0	0.0059622442424669365	0.005404528079107991	-0	-0	-0	-0	-0
GO:0070663	0.14692491133167188	0.15290222584180954	0.16093041210293535	0.1589018222253057	-0	0.15684468299614332	-0	-0	-0	-0	-0	0.153439474731754	0.1576667681458646	0.1534367283779009	0.1521030248203525	0.15021753434453344	0.14303975892714882	0.14026392116515848	0.16668744425028498	0.15876840592990296	0.14199776664072086	0.13808960219258634	0.16013541239555032	0.14248336668163947	0.15438782612395557	-0	-0	0.15657427155418235	-0	-0	0.14364317202500362	-0	-0	-0	0.17468504517540745	0.16475884989812808	0.15882726362864769	-0	0.1477837127734205	0.15620483307182406	0.1519616819417871	0.1584318557939102	-0	-0	-0	0.14463535539157182	-0	-0	0.7417218883526324	-0	-0	0.15862377338109143	0.1687559065436686	0.14588510715704125	-0	-0	0.15708976578986847	0.15306372532619045	0.15449852144449921	0.14888710048148085	0.13882560342317873	0.158191508821917	0.14355051751414935	0.16026381133777884	0.14188836123965437	0.1622304458909045	0.1603153537872711	-0	0.16556734524104857	0.16078505133335635	0.15357653286401654	-0	0.16523367463915628	0.15604760464063158	-0	0.1478177176203111	0.16141686932658045	-0	-0	0.14202764094472267	0.1433467184955348	-0	-0	1	0.7243505285455449	-0	-0	-0	-0	-0	-0	0.1501522162343593	0.15551839114256064	-0	-0	0.14776425175580507	-0	0.15902625530998715	0.15674879095568414	-0	-0	0.14598743437582193	0.14170092910350401	0.16264744489175825	0.15260694226574636	0.15297037177444062
GO:0070665	0.1408873436921803	0.4766577573090188	0.4633304455927418	0.45772943331503213	-0	0.4884103351134991	-0	-0	-0	-0	-0	0.1468666089868384	0.15125095737545394	0.47193972276053175	0.14612344057914592	0.14391213445581677	0.13731104883352352	0.43880756747751837	0.1595331456117609	0.15226447497528137	0.13635056810166274	0.4322687012654606	0.15298972147188547	0.13679825102549992	0.4810894111228637	-0	-0	0.15024528042544796	-0	-0	0.44895424628450215	-0	-0	-0	0.1668439032204672	0.1577656729949893	0.4878404505717217	-0	0.14167682445009097	0.48650468144786635	0.14551215366304762	0.4931344487880729	-0	-0	-0	0.13921805068468315	-0	-0	0.9422213958532892	-0	-0	0.4872410087124012	0.160839183829326	0.45567538722145895	-0	-0	0.15020745968979282	0.4771397001377975	0.14833292443845209	0.1426905926212915	0.43448298262996893	0.1517337958301597	0.13778164783764132	0.49858194699594105	0.13624968859584682	0.1554458386644115	0.4922221561748288	-0	0.15850683748076858	0.15411831661967845	0.14748285296009941	-0	0.15820099211664104	0.14903743667746003	-0	0.14170807669190566	0.1541589481180682	-0	-0	0.13637811324510327	0.13802373901475998	-0	-0	0.7243505285455449	1	-0	-0	-0	-0	-0	-0	0.14432209198185358	0.1492727705712035	-0	-0	0.14211460443325077	-0	0.15250161573622537	0.48171471923259973	-0	-0	0.14002510486572312	0.44312473444210676	0.15582864737264035	0.46948812710159066	0.1469237530561501
GO:0071216	-0	-0	0.2331611885715833	0.23027103518625217	0.5721712269780321	-0	0.19735125653086696	0.17722396786729552	0.20083460546486143	0.006213463460684835	0.005843082957038725	-0	-0	-0	-0	-0	-0	-0	0.24135660756509833	0.23008091252487475	-0	-0	-0	-0	-0	-0	0.005448212068220989	0.22695343530871978	0.19712292625661176	0.6391931472659732	-0	-0	-0	-0	0.2527252061585019	-0	-0	0.21815068616056307	-0	-0	-0	-0	-0	0.5452303800790825	0.20076016850144815	0.20991069493789416	0.005578239468428858	0.006075743488175169	-0	0.24402341816034753	0.6185476762252491	-0	-0	-0	-0	-0	-0	-0	-0	-0	-0	-0	-0	-0	-0	-0	-0	0.0059184440174770685	-0	-0	-0	-0	-0	-0	-0	-0	-0	-0	0.24039305802390243	-0	0.20806861889123623	0.19043448010225023	0.005792766850745809	-0	-0	1	0.5565939520452274	0.25213849523948034	0.2097435796751837	0.005602846021351731	-0	0.21779128891319313	0.22544789086265166	0.00569965140832061	0.005572740609448129	0.21438130587412585	0.6350342095865343	-0	-0	0.00610759135602064	0.005523683341704872	-0	-0	-0	-0	-0
GO:0071219	-0	-0	0.22904721482403273	0.22625754119747793	0.7853401867980634	-0	0.19399362285196453	0.17451157461156327	0.1973584417819972	0.006102060354069363	0.00574445993385967	-0	-0	-0	-0	-0	-0	-0	0.23695107798076365	0.2260739855992336	-0	-0	-0	-0	-0	-0	0.005362370454807457	0.22305377675890006	0.4574442722379378	0.6349507599967872	-0	-0	-0	-0	0.5930490009109134	-0	-0	0.4448751684890423	-0	-0	-0	-0	-0	0.5431515985262095	0.5373273915268827	0.20657041451868777	0.005488285382586944	0.005969181752158656	-0	0.5640013015180723	0.8478059187921116	-0	-0	-0	0.594444196062713	0.5652368066550512	-0	-0	-0	-0	-0	-0	-0	-0	-0	-0	-0	0.005817282633366089	-0	-0	-0	-0	-0	-0	0.5888648894688842	-0	-0	-0	0.4894093857945718	-0	0.20478624828792893	0.5101450387723011	0.005695820953944135	-0	-0	0.5565939520452274	1	0.5916984476892451	0.4280031443934019	0.0055121030348426235	-0	0.21419764178131273	0.22159936047824272	0.005605771907417822	0.005482962357051175	0.2108984102601864	0.6308985984194959	-0	-0	0.005999919439053228	0.005435466270925743	-0	-0	-0	-0	-0
GO:0071396	-0	-0	0.26084629384679575	0.25723436672413436	0.6101808401271336	-0	0.21983494711663232	0.1951471737045694	0.22416591383280576	0.006964838689539765	0.006502794603441229	-0	-0	-0	-0	-0	-0	-0	0.27114646215577876	0.25699713582549444	-0	-0	-0	-0	-0	-0	0.0060174278864561495	0.25310131047273454	0.21955166449552588	0.25372900489602634	-0	-0	-0	-0	0.7479770506229528	-0	-0	0.5136559357969869	-0	-0	-0	-0	-0	0.5782889091281819	0.6102831268963937	0.2320870814229491	0.006176440989268576	0.00679225924594638	-0	0.2793508879082523	0.24449534440684478	-0	-0	-0	-0	-0	-0	-0	-0	-0	-0	-0	-0	-0	-0	-0	-0	0.006596269683227551	-0	-0	-0	-0	-0	-0	-0	-0	-0	-0	0.5724627469244461	-0	0.2298373125361204	0.5754574946393032	0.006440535773018396	-0	-0	0.25213849523948034	0.5916984476892451	1	0.4917711575331778	0.0062066223317386714	-0	0.2417591129026655	0.25123029642562333	0.006325637457628805	0.006169700227805089	0.2375645255312771	0.2518626221823732	-0	-0	0.006832086334522483	0.00610962651423811	-0	-0	-0	-0	-0
GO:0071621	-0	-0	0.6018711009144051	0.5949618019634609	0.43910278389206864	0.6327050603677787	0.5815607407873138	0.526124138937069	0.5910721414718358	0.005742005024020115	0.0054242616412730205	-0	-0	-0	-0	-0	-0	-0	0.22273223903570608	0.21309484610074286	-0	-0	-0	-0	-0	-0	0.005082312840245592	0.21040940948613682	0.43178140008739635	0.48635799745076147	-0	-0	-0	-0	0.4928233526547647	-0	-0	0.8999653267773304	-0	-0	-0	-0	-0	0.5649210066799903	0.365791747667226	0.19568017783213187	0.5528403372881204	0.5984818459511461	-0	0.696393915293965	0.4718875221177864	-0	-0	-0	-0	-0	-0	-0	-0	-0	-0	-0	-0	-0	-0	-0	-0	0.7069171352973813	-0	-0	-0	-0	-0	-0	-0	-0	-0	-0	0.7492668201943217	-0	0.19407844329957077	0.3482924116847165	0.005380873372068899	-0	-0	0.2097435796751837	0.4280031443934019	0.4917711575331778	1	0.8828907863754502	-0	0.20251110343224085	0.2091147354521222	0.8970768275017608	0.9458995813155182	0.19955958008355545	0.4834490978475114	-0	-0	0.005651472831474658	0.979314528822492	-0	-0	-0	-0	-0
GO:0071674	-0	-0	0.6135708121443753	0.6063918860462459	-0	0.6456471227186311	0.5924769922390997	0.5350424669542154	0.6023518452757355	0.005855353150078191	0.005525301870516235	-0	-0	-0	-0	-0	-0	-0	0.0059567777233105424	0.00569408635917504	-0	-0	-0	-0	-0	-0	0.005170911298629953	0.00562096927275276	-0	-0	-0	-0	-0	-0	0.00622018051740836	-0	-0	0.916393432024949	-0	-0	-0	-0	-0	0.5752159896881349	-0	0.005220560778382372	0.5626958770900627	0.6100488952384755	-0	-0	-0	-0	-0	-0	-0	-0	-0	-0	-0	-0	-0	-0	-0	-0	-0	-0	-0	0.7202456933761079	-0	-0	-0	-0	-0	-0	-0	-0	-0	-0	0.7642571082225142	-0	0.005177082190100011	-0	0.00548028882658043	-0	-0	0.005602846021351731	0.0055121030348426235	0.0062066223317386714	0.8828907863754502	1	-0	0.005406124862828678	0.005585731477903172	0.9133986914977914	0.8941181686226028	0.00532591788472614	-0	-0	-0	0.005761240729862708	0.8866530547492699	-0	-0	-0	-0	-0
GO:0071706	-0	-0	-0	-0	-0	-0	0.34056164572473785	-0	-0	-0	-0	-0	-0	-0	-0	-0	-0	-0	-0	-0	-0	-0	-0	-0	-0	-0	-0	-0	-0	-0	-0	-0	-0	-0	-0	-0	-0	-0	-0	-0	-0	-0	0.8007118604907799	-0	-0	-0	0.3264297376388097	0.3487793165341309	-0	-0	-0	-0	-0	-0	-0	-0	-0	-0	-0	-0	-0	-0	-0	-0	-0	-0	-0	-0	-0	-0	-0	-0	-0	-0	-0	-0	-0	-0	-0	-0	-0	-0	-0	-0	-0	-0	-0	-0	-0	-0	1	-0	-0	-0	-0	-0	-0	-0	-0	-0	-0	-0	-0	-0	-0	-0
GO:0097191	0.13900951686901508	0.14434843774844516	0.27725162653181684	0.2739446149186252	0.19321169755037565	0.14785706757080844	0.19007932147753695	0.17133756124122076	0.19330859305691375	0.0059724493137208986	0.005629451857572318	0.14482716343295807	0.1492543947332092	0.1454582697735534	0.14425911891777152	0.14195337030900365	0.13552674213247776	0.1330323000041878	0.2866121010510971	0.5196440850307434	0.1345909763449615	0.13107484071027156	0.15077795572410374	0.13502716072753798	0.14567175063253807	-0	0.005262019322523245	0.27014464124134263	0.1898674990368976	0.21490092755328727	0.13606831260049443	-0	-0	-0	0.5686768374613053	0.15559464787088775	0.15029394826043607	0.21033759334148472	0.1397780351802996	0.1472883138718371	0.14350989519426924	0.14926673617338443	-0	0.1844395420792664	0.19323962945993226	0.25055857330227765	0.005383212360513035	0.005845096683061218	0.14760059775641338	0.23300129974677947	0.20823998622425502	0.15011172392466438	0.15839644899767358	0.13807837605050585	-0	-0	0.1480748478312953	0.14449236467113724	0.14641216750319938	0.14076471725845421	0.13173778600278477	0.1497245502553564	0.1359851696629262	0.15089178187090385	0.1344926827823324	0.1533377643907112	0.1516257622233361	0.005699370079007245	0.15631550766792057	0.15204585487676692	0.14558390710601682	-0	0.15601805243333458	0.14686851212606178	-0	0.1398084552445458	0.1519134943624602	-0	0.23094003638654836	0.13461781507053758	0.24843502556648375	0.18365459090533104	0.005582733034423104	0.1501522162343593	0.14432209198185358	0.21779128891319313	0.21419764178131273	0.2417591129026655	0.20251110343224085	0.005406124862828678	-0	1	0.8847046252505777	0.005496197092466103	0.005378091107093598	0.4854348527090174	0.21356055294133114	0.15047211989672835	0.14843150669691116	0.005874566571337563	0.005332386964378111	0.13817004120887783	0.13432426896238034	0.15371024816414067	0.14471232533400782	0.14503908553096734
GO:0097193	0.1439963957567197	0.14973315275136723	0.2872984867606177	0.28374899219273025	0.2000744798617804	0.15351186026752967	0.19671756410032873	0.17671277370572802	0.20017838282517939	0.00619242224212179	0.005824471723004818	0.15024832471903674	0.15455545558950998	0.150488562202857	0.14920540408718938	0.14715765731287989	0.14026261003330884	0.13759250691544506	0.29736196223114786	0.28351548588049963	0.13926054426830559	0.13549960386838747	0.15666282006667842	0.1397275726084127	0.15115752285213124	-0	0.005432027818675304	0.38193197895374503	0.19649069696041205	0.22342495990074535	0.14084277227083258	-0	-0	-0	0.3113180074396897	0.1613643524411657	0.1556704398254076	0.21747050170497956	0.14482120693626496	0.1528988608816198	0.1488310775025292	0.15503197057291712	-0	0.1906832368091664	0.20010443141975676	0.3533374060726642	0.005561274694434183	0.006055623169776322	0.1527827943917514	0.2430552917390525	0.21623396801737482	0.15547495328665914	0.16490387077444946	0.1429974884445601	-0	-0	0.15374663030531008	0.14988802369902776	0.15150980844094292	0.14588064195588407	0.13620818440956356	0.15505965758112966	0.14075369412164376	0.15678570850054613	0.13915531456121794	0.15893829265381273	0.1570996976375753	0.0058993503958040296	0.16213979799965123	0.15755071497040507	0.15062304348175495	-0	0.16181978623180218	0.15264032159896068	-0	0.14485386195966718	0.15788908912786329	-0	0.23956736362478756	0.13928927781153302	0.35024590811033285	0.18984436222066883	0.005774474265970306	0.15551839114256064	0.1492727705712035	0.22544789086265166	0.22159936047824272	0.25123029642562333	0.2091147354521222	0.005585731477903172	-0	0.8847046252505777	1	0.005681941283854959	0.005555809214925877	0.264229042936763	0.22197650305503547	0.1558615951080423	0.15367324932229853	0.006087259904106228	0.005507048286935398	0.14309580350323128	0.13897502891345134	0.15933851812508462	0.1496902741710532	0.15003992857834045
GO:0097529	-0	-0	0.6244862047488627	0.6170511287960273	-0	0.6577448700484371	0.602648548962784	0.5433237719757786	0.612868296731606	0.0059611631328109526	0.005619423693853117	-0	-0	-0	-0	-0	-0	-0	0.006066319355435979	0.005794098439761136	-0	-0	-0	-0	-0	-0	0.00525325648877859	0.005718407381491034	-0	-0	-0	-0	-0	-0	0.0063397211887386146	-0	-0	0.9316858463918439	-0	-0	-0	-0	-0	0.5847987181508918	-0	0.005304507701688468	0.5718626674408499	0.6208382362962286	-0	-0	-0	-0	-0	-0	-0	-0	-0	-0	-0	-0	-0	-0	-0	-0	-0	-0	-0	0.7326669670807003	-0	-0	-0	-0	-0	-0	-0	-0	-0	-0	0.7782575480117752	-0	0.005259625605342948	-0	0.005572870481694955	-0	-0	0.00569965140832061	0.005605771907417822	0.006325637457628805	0.8970768275017608	0.9133986914977914	-0	0.005496197092466103	0.005681941283854959	1	0.9086702740419472	0.0054133156567042805	-0	-0	-0	0.005863646960225036	0.90096123529239	-0	-0	-0	-0	-0
GO:0097530	-0	-0	0.6101784835292859	0.6030782608039496	-0	0.641891919338972	0.5893133011725663	0.5324610838663537	0.5990821074705622	0.005822480990957334	0.005496021840481511	-0	-0	-0	-0	-0	-0	-0	0.005922760206957988	0.005662995172478408	-0	-0	-0	-0	-0	-0	0.005145258112531177	0.005590669311486447	-0	-0	-0	-0	-0	-0	0.006183097408661099	-0	-0	0.9116340386002441	-0	-0	-0	-0	-0	0.5722334889819278	-0	0.005194413844945061	0.5598414750888127	0.6066952925827495	-0	-0	-0	-0	-0	-0	-0	-0	-0	-0	-0	-0	-0	-0	-0	-0	-0	-0	-0	0.7163826543419088	-0	-0	-0	-0	-0	-0	-0	-0	-0	-0	0.7599089592399253	-0	0.005151367891417476	-0	0.005451482681608608	-0	-0	0.005572740609448129	0.005482962357051175	0.006169700227805089	0.9458995813155182	0.8941181686226028	-0	0.005378091107093598	0.005555809214925877	0.9086702740419472	1	0.005298707700233349	-0	-0	-0	0.005729413907665735	0.9499100912131346	-0	-0	-0	-0	-0
GO:0097696	0.13679076170619467	0.14195744455438705	0.2727838535642059	0.2695819494696627	0.1901568058795099	0.14534943719327167	0.18712192149597742	0.1689309150939934	0.19025066081358277	0.005874709726380155	0.005542534575733573	0.1424204168906241	0.14689467771360062	0.1432161584390438	0.142053542645676	0.1396404271715707	0.13341692887407428	0.13099885385930696	0.2818401528411169	0.5113750385512416	0.13250997389674174	0.129100351152462	0.1481711445996575	0.1329327530846275	0.14323708738456895	-0	0.005186001281452071	0.2659012308281377	0.18691663561125008	0.21112837396720155	0.133941736140651	-0	-0	-0	0.5587885080639291	0.15303191462737775	0.14790150946313962	0.20715531774479146	0.13753487723256513	0.14479977597073934	0.14114637319130957	0.14671147555926906	-0	0.181653748558681	0.1901838614408905	0.24690400788426137	0.005303678814863472	0.005751448246550617	0.1452924798552883	0.22857303214575178	0.20469574345064928	0.14772503698538134	0.15552206013904535	0.13588901146339455	-0	-0	0.14555988780667448	0.1420966406446134	0.1441407823559293	0.13849003666867066	0.12974342488976162	0.14735006172607798	0.13386117096434222	0.14828106743857122	0.13241469532682615	0.15084824154734983	0.1491910783081063	0.005610297431734806	0.1537291708235193	0.14959777016614764	0.14333795082278902	-0	0.15344146826204008	0.1443127361179244	-0	0.13756432866588378	0.14926761507414907	-0	0.2271095022493359	0.13253598901475827	0.24484170018983833	0.18089228132685548	0.0054972414649936	0.14776425175580507	0.14211460443325077	0.21438130587412585	0.2108984102601864	0.2375645255312771	0.19955958008355545	0.00532591788472614	-0	0.4854348527090174	0.264229042936763	0.0054133156567042805	0.005298707700233349	1	0.2098345047700953	0.1480740505774374	0.14609753428211697	0.005779979078995284	0.005254337267667448	0.13597779185556122	0.13225144232076344	0.15120871433087138	0.14249297575646053	0.14280977926174923
GO:0140546	-0	-0	0.23052497250115594	0.227313572616217	0.6507237808420102	-0	0.22113002458762956	0.1961670314225106	0.22551267889220658	-0	-0	-0	-0	-0	-0	-0	-0	-0	0.23968595374502175	0.22710266740728965	-0	-0	-0	-0	-0	-0	-0	0.22363950166963925	0.521349988130939	0.7375567895594864	-0	-0	-0	-0	0.2525293333505069	-0	-0	0.5050861595753809	-0	-0	-0	-0	-0	0.6489852458794129	0.22541882901631083	0.20497000336835552	-0	-0	-0	0.6644146496117677	0.7479568014632689	-0	-0	-0	0.6879903903643009	0.6491672898449321	-0	-0	-0	-0	-0	-0	-0	-0	-0	-0	-0	-0	-0	-0	-0	-0	-0	-0	0.6805279340042544	-0	-0	-0	0.5632794239497108	-0	0.20297235371962058	0.21248255101111857	-0	-0	-0	0.6350342095865343	0.6308985984194959	0.2518626221823732	0.4834490978475114	-0	-0	0.21356055294133114	0.22197650305503547	-0	-0	0.2098345047700953	1	-0	-0	-0	-0	-0	-0	-0	-0	-0
GO:1902105	0.6565524499346365	0.6833256704894778	0.740669990817354	0.731312506818532	-0	0.7826974464228913	-0	-0	-0	-0	-0	0.7656644167194027	0.7256157104025202	0.7061057901071535	0.6999549269238331	0.7495497457812507	0.7136555424292131	0.69977641929551	0.7672289761602842	0.730697102709452	0.708445466686275	0.6889057037132921	0.16053001176640067	0.14279568108169194	0.1547545754451223	-0	-0	0.15692215686750047	-0	-0	0.1439605972199535	-0	-0	-0	0.17511817528533816	0.16514410042487732	0.15918524406011042	-0	0.1481197227962567	0.15658027631311827	0.15231698192419135	0.15881809402328306	-0	-0	-0	0.14493216001219741	-0	-0	0.7171089759561273	-0	-0	0.1589808360766105	0.169194192143459	0.14621252950435604	-0	-0	0.7839234322230387	0.7637850078960516	0.9349766052551485	0.1492281524832482	0.1391220717994532	0.15854662593245808	0.7162094524018453	0.7998019010811624	0.14219806982363273	0.7466670729086383	0.660806201487249	-0	0.1659563904679912	0.16115192165722614	0.1539112103809333	-0	0.7605218738098487	0.15643484867420893	-0	0.14815388246777703	0.16181781730414194	-0	-0	0.14233795852103703	0.14363825255121662	-0	-0	0.15902625530998715	0.15250161573622537	-0	-0	-0	-0	-0	-0	0.15047211989672835	0.1558615951080423	-0	-0	0.1480740505774374	-0	1	0.15709745307824	-0	-0	0.14631531672375153	0.14200981909762228	0.16302287337125937	0.15293740266769884	0.15330240972876724
GO:1903039	0.14514001228088	0.49162355967598503	0.4774586596649557	0.4715130507580574	-0	0.5041354092305007	-0	-0	-0	-0	-0	0.15149383189385432	0.1557706063192378	0.48566820158864493	0.15033757605815343	0.14835224666040436	0.14134746475597662	0.4514594008322586	0.16456956048960364	0.15684581563961536	0.14032989440969101	0.4445410101249452	0.15801742472315716	0.14080413490942578	0.49633924335270335	-0	-0	0.1547041404211169	-0	-0	0.4622067841142534	-0	-0	-0	0.17236047251453218	0.8758737217766863	0.9305852376819799	-0	0.14597801487566997	0.5021053246394805	0.15005310295401894	0.5091701871775548	-0	-0	-0	0.14303809432516765	-0	-0	0.15397012375944688	-0	-0	0.5018879457346267	0.1664054213529793	0.46933372948280333	-0	-0	0.1550510639786192	0.4921362573569923	0.1526773589836339	0.14705450558231387	0.4468831458051381	0.15628278091986492	0.14184618826181666	0.5149798159106134	0.1402230430477531	0.16022362488589742	0.5071746954277666	-0	0.16347765075596893	0.15881361335401015	0.1517769149688549	-0	0.16315234151721106	0.1539693261860544	-0	0.14601119372829535	0.1592650760849464	-0	-0	0.14035907097010242	0.14177763803005503	-0	-0	0.15674879095568414	0.48171471923259973	-0	-0	-0	-0	-0	-0	0.14843150669691116	0.15367324932229853	-0	-0	0.14609753428211697	-0	0.15709745307824	1	-0	-0	0.1442251036954813	0.45603040103728526	0.1606303580523912	0.48307229240587557	0.15118484931725903
GO:1903131	-0	-0	0.006301964974609405	0.006221464078416969	-0	-0	0.006065926445397682	-0	-0	0.8952479712380028	0.9213336815061418	-0	-0	-0	-0	-0	-0	-0	0.006530572085552371	0.0062161706588120536	-0	-0	-0	-0	-0	-0	0.005597867533158655	0.006129133318059681	-0	-0	-0	-0	-0	-0	0.006848518441131149	-0	-0	0.005884540651839115	-0	-0	-0	-0	-0	-0	-0	0.0056561006728308195	0.005735226466594144	0.006262450086734186	-0	-0	-0	-0	-0	-0	-0	-0	-0	-0	-0	-0	-0	-0	-0	-0	-0	-0	-0	0.006095467350223703	-0	-0	-0	-0	-0	-0	-0	-0	-0	-0	0.006503668548854729	-0	0.005605100254993067	-0	0.0059622442424669365	-0	-0	0.00610759135602064	0.005999919439053228	0.006832086334522483	0.005651472831474658	0.005761240729862708	-0	0.005874566571337563	0.006087259904106228	0.005863646960225036	0.005729413907665735	0.005779979078995284	-0	-0	-0	1	0.005677572280563204	-0	-0	-0	-0	-0
GO:1990266	-0	-0	0.6046529011094511	0.5976799560766395	-0	0.6357799137509493	0.5841575580078332	0.5282485710628109	0.5937547908783016	0.005768949349645171	0.005448300214333347	-0	-0	-0	-0	-0	-0	-0	0.0058673775308375545	0.0056123432226683105	-0	-0	-0	-0	-0	-0	0.005103410238408195	0.0055412972787532095	-0	-0	-0	-0	-0	-0	0.006122763793634062	-0	-0	0.9038748441718198	-0	-0	-0	-0	-0	0.5673710354643889	-0	0.005151765869543991	0.5551864826047905	0.6012323330394588	-0	-0	-0	-0	-0	-0	-0	-0	-0	-0	-0	-0	-0	-0	-0	-0	-0	-0	-0	0.7100876062062295	-0	-0	-0	-0	-0	-0	-0	-0	-0	-0	0.7528294972720567	-0	0.005109420978205695	-0	0.005404528079107991	-0	-0	0.005523683341704872	0.005435466270925743	0.00610962651423811	0.979314528822492	0.8866530547492699	-0	0.005332386964378111	0.005507048286935398	0.90096123529239	0.9499100912131346	0.005254337267667448	-0	-0	-0	0.005677572280563204	1	-0	-0	-0	-0	-0
GO:2000116	0.2254198311855643	0.23456640898358144	0.14806279924542337	0.146201118332396	-0	0.15642140461532453	-0	-0	-0	-0	-0	0.15303435244231348	0.14506762370564116	0.1411850865632683	0.139960840159814	0.14982922551229808	0.21947370263652197	0.2152248653474745	0.15334549958982516	0.1460786751034406	0.14165074187297655	0.1377613946071088	0.15969421121971739	0.14213396728416444	0.15397768723621005	-0	-0	0.14406492690731063	-0	-0	0.7951262620384243	-0	-0	-0	0.1606825624740008	0.15157591298882367	0.146132692007379	-0	0.14740786901180586	0.15578499656378775	0.15156431552575228	0.1579999792232054	-0	-0	-0	0.1331050850271177	-0	-0	0.1433748774989027	-0	-0	0.1459459375364223	0.16826599750544155	0.1455188464688031	-0	-0	0.15666516535108818	0.15266058216366313	0.14215970112636586	0.14850563073741693	0.1384938921010453	0.47100479882009666	0.14319587127086955	0.15982190333127425	0.14154187035969704	0.14925580540288072	0.14749835955891022	-0	0.6224589601609462	0.604525566664243	0.5774887912795239	-0	0.15201159967787575	0.7574406000659958	-0	0.14744170109648141	0.8097114584151411	-0	-0	0.1416804703219991	0.13192187688239665	-0	-0	0.14598743437582193	0.14002510486572312	-0	-0	-0	-0	-0	-0	0.13817004120887783	0.14309580350323128	-0	-0	0.13597779185556122	-0	0.14631531672375153	0.1442251036954813	-0	-0	1	0.9288394402787075	0.14963846377818799	0.14042340715490997	0.14075700977676472
GO:2001056	0.21877611539786562	0.5373035405145036	0.4678037341816112	0.4620947146144937	-0	0.49338360413773413	-0	-0	-0	-0	-0	0.1483307006213706	0.14083418032509307	0.44669128287480775	0.13601615609028034	0.1453176312787731	0.21317096033360855	0.4942476993007021	0.14862299665399661	0.1417868888673159	0.13761160019741014	0.4361597961076954	0.15457909937279105	0.138067616011312	0.48591396962581457	-0	-0	0.13988896145256755	-0	-0	0.7974058751591251	-0	-0	-0	0.15550496600029806	0.1469601348823353	0.46188479739939536	-0	0.14303879209839296	0.4914390212658995	0.14694923296942408	0.498204889649566	-0	-0	-0	0.12953245189380266	-0	-0	0.13923824639597582	-0	-0	0.4613118455345881	0.16259677528390598	0.46000139317122946	-0	-0	0.1517392651793236	0.4818849745528886	0.13809189833697405	0.14407221615431098	0.43841422483911885	0.4572153818795169	0.13906941439948392	0.5037656184445127	0.13750884680692177	0.14477816224328077	0.4660732782870042	-0	0.6034139551507006	0.69162216809327	0.6615700692453094	-0	0.14736965475133382	0.780118040082266	-0	0.14307064816399473	0.7835755732607925	-0	-0	0.13763965724935517	0.12841164017975595	-0	-0	0.14170092910350401	0.44312473444210676	-0	-0	-0	-0	-0	-0	0.13432426896238034	0.13897502891345134	-0	-0	0.13225144232076344	-0	0.14200981909762228	0.45603040103728526	-0	-0	0.9288394402787075	1	0.14513817797301184	0.44434956607129483	0.13676795880536888
GO:2001233	0.15062357640074198	0.15691206316211695	0.5597611921936921	0.5525279986263899	-0	0.5922999192821904	-0	-0	-0	-0	-0	0.1574779122202559	0.16159450167256803	0.15715405035307303	0.5283198088936302	0.15408601533314695	0.1465430697231453	0.1436309800590265	0.5803139055236373	0.5520524484969559	0.534869872209041	0.5198010252972672	0.6050685899463333	0.5367436258066071	0.5827762363685298	-0	-0	0.16044709344664124	-0	-0	0.147176467648335	-0	-0	-0	0.17951944418350238	0.16905269243840224	0.16281376053798857	-0	0.5572160080923146	0.5898188517046428	0.5733794822903382	0.5984566575748487	-0	-0	-0	0.1479338618012222	-0	-0	0.1596577077261431	-0	-0	0.603207157572536	0.1736536903681413	0.14953095619797788	-0	-0	0.5932503911160594	0.5776468621507097	0.15826810167862812	0.5614824781731995	0.5226373108325955	0.1621457579746384	0.5408624668574273	0.6055670953723823	0.14533481981218999	0.16639184794830167	0.1643778568583523	-0	0.16990398678129198	0.16487169761389145	0.1573007142405321	-0	0.16955262640026983	0.1603699357099643	-0	0.15156204277548088	0.16589226745973742	-0	-0	0.5349851372680926	0.1465860520866018	-0	-0	0.16264744489175825	0.15582864737264035	-0	-0	-0	-0	-0	-0	0.15371024816414067	0.15933851812508462	-0	-0	0.15120871433087138	-0	0.16302287337125937	0.1606303580523912	-0	-0	0.14963846377818799	0.14513817797301184	1	0.7036833663088986	0.705399643583581
GO:2001235	0.141290573434491	0.4780752753312954	0.6590558950230551	0.6510660883871361	-0	0.6948390387928784	-0	-0	-0	-0	-0	0.14730484441764885	0.15167961583543718	0.4732426844441308	0.4970058435920303	0.14433289025700466	0.1376940393449462	0.4400086170429234	0.5427522855252034	0.5179527779121589	0.5027982054032257	0.6147535606075039	0.5643464945579634	0.5044536415296474	0.6843926330537123	-0	-0	0.15066824951288174	-0	-0	0.45021156206890617	-0	-0	-0	0.1673656535428978	0.15823211019680897	0.4892328203701795	-0	0.5224955192169441	0.6921197230289255	0.5366817955769796	0.7015804989217576	-0	-0	-0	0.13958113569785063	-0	-0	0.14997194487415752	-0	-0	0.7114503649859933	0.16136492063115104	0.4569706847946671	-0	-0	0.5540520004466681	0.6787570900232107	0.14874517998521153	0.526245072456147	0.6179111483308143	0.1521651993744631	0.5080901392544139	0.7093547451310588	0.13662677312882768	0.15589863976448007	0.49363968672940667	-0	0.15897767405022145	0.1545634057439327	0.14789039041847804	-0	0.15867001075438025	0.14950387752137811	-0	0.1421160249139827	0.15464185475895506	-0	-0	0.5029000606091764	0.13838061316029615	-0	-0	0.15260694226574636	0.46948812710159066	-0	-0	-0	-0	-0	-0	0.14471232533400782	0.1496902741710532	-0	-0	0.14249297575646053	-0	0.15293740266769884	0.48307229240587557	-0	-0	0.14042340715490997	0.44434956607129483	0.7036833663088986	1	0.8826512458186353
GO:2001236	0.1416283139714714	0.14717430206640703	0.5259995639580808	0.5196076062144294	-0	0.5546311733033742	-0	-0	-0	-0	-0	0.14767198725996888	0.1520386367600935	0.14810143042661358	0.4981421596044963	0.1446853502148928	0.1380147849173896	0.13542878837250708	0.5441076960763992	0.5191870142269642	0.503961193170739	0.4905617866442633	0.5658120503517655	0.5056243089691451	0.5462717856505034	-0	-0	0.15102249306338392	-0	-0	0.13857646375857421	-0	-0	-0	0.16780287786869086	0.158622860182339	0.15311747657327546	-0	0.5237515266357144	0.5524550699917272	0.5380070191064202	0.5600261415479594	-0	-0	-0	0.13988510994416453	-0	-0	0.15032291794459104	-0	-0	0.5673278600720886	0.16180559987270313	0.1406618811584921	-0	-0	0.5554645092886599	0.5417623960490515	0.14909042803759226	0.5275191933581167	0.49308718467814416	0.15252652543884032	0.5092777655766934	0.5662479453081929	0.13694256007285985	0.1562779360301832	0.15450003154624464	-0	0.1593721196008145	0.15493622490326042	0.14823167726644806	-0	0.15906292918540985	0.14989475456285917	-0	0.1424577280637341	0.1550465322268441	-0	-0	0.5040635201580433	0.13867937539672065	-0	-0	0.15297037177444062	0.1469237530561501	-0	-0	-0	-0	-0	-0	0.14503908553096734	0.15003992857834045	-0	-0	0.14280977926174923	-0	0.15330240972876724	0.15118484931725903	-0	-0	0.14075700977676472	0.13676795880536888	0.705399643583581	0.8826512458186353	1
